scene_id,act,location,speaker,decision,purpose_and_active_choices,emotional_focus,continuity_check,editorial_rationale,before_max_words,after_max_words,baseline_samples,fixture_observed,art_treatment,art_asset,art_rationale
act2_spire_brief,The Week,Helion service counter,Edda,edit,accept-spire-key: Agree to retire the obsolete key and keep her current account open.; decline-spire-key: Tell Edda you cannot take responsibility for the request.,What does using the hour cost another person?,"Canonical choice effects, gates and destinations match baseline; saved flags and journal remain authoritative.",Give Edda a practical account problem; keep active and obsolete charges separate.,111,71,1,True,illustration,/art/spire-counter.jpg,"Establish and reuse the same service counter. Neutral papers and a sleeved receiver depict neither closure nor handover, including traced recovery."
act2_spire_sources,The Week,Helion service counter,Edda,retain,inspect-spire-billing: Compare the obsolete key with her current shift number.; inspect-spire-protocol: Read how service retirement reaches the payroll register.; inspect-spire-receiver: Read the receiver’s limits and Edda’s handover terms.; plan-spire-key: Keep the current number out of the retirement field. Prepare one approach.,What does using the hour cost another person?,"Canonical choice effects, gates and destinations match baseline; saved flags and journal remain authoritative.",Retain current scene: not part of the repeated briefing/return or recorded-speaker changes in this pass.,113,113,4,True,illustration,/art/spire-counter.jpg,"Establish and reuse the same service counter. Neutral papers and a sleeved receiver depict neither closure nor handover, including traced recovery."
act2_spire_prep,The Week,Spire service alcove,Edda,retain,"spire-prep-fields: Copy the two-store field order onto the sleeve.; spire-prep-reader: Isolate the local reader from the badge carrier.; spire-prep-clerk: Agree a countersignature with the service clerk.; spire-prep-mirror: Map the authorized maintenance mirror away from the badge reader.; spire-prep-latch: Brace the service latch for Edda’s signed retirement cycle.; spire-no-prep: Use the terminal as it stands, or pay the processor.",What does using the hour cost another person?,"Canonical choice effects, gates and destinations match baseline; saved flags and journal remain authoritative.",Retain current scene: not part of the repeated briefing/return or recorded-speaker changes in this pass.,63,63,1,True,illustration,/art/spire-terminal.jpg,"Establish the service alcove and its maintenance machinery. Reuse the waiting terminal without success, failure or retired-account indicators."
act2_spire_methods,The Week,Spire maintenance terminal,Edda,edit,spire-retire-terminal: Retire the obsolete key through the terminal.; spire-local-reader: Complete the retirement through your isolated local reader.; spire-clerk-signature: Use the clerk’s agreed countersignature.; spire-mirror-cycle: Run Edda’s signed cycle through the maintenance mirror.; spire-hold-latch: Hold the service latch while Edda runs the signed cycle.; spire-pay-processor: Pay thirty-five creds for a staffed retirement cycle.; spire-use-desk: Leave the terminal alone. File through the free staffed desk.,What does using the hour cost another person?,"Canonical choice effects, gates and destinations match baseline; saved flags and journal remain authoritative.",Shorten method setup; retain the old-charge and private-receiver limits.,64,55,1,True,illustration,/art/spire-terminal.jpg,"Establish the service alcove and its maintenance machinery. Reuse the waiting terminal without success, failure or retired-account indicators."
act2_spire_recovery,The Week,Helion staffed service desk,Edda,retain,spire-recovery-processor: Pay thirty-five creds to complete the retirement now.; spire-file-request: File Edda’s signed request at the free desk.; spire-stop-request: Return the papers without claiming the old key is closed.,What does using the hour cost another person?,"Canonical choice effects, gates and destinations match baseline; saved flags and journal remain authoritative.",Retain current scene: not part of the repeated briefing/return or recorded-speaker changes in this pass.,72,72,2,True,illustration,/art/spire-counter.jpg,"Establish and reuse the same service counter. Neutral papers and a sleeved receiver depict neither closure nor handover, including traced recovery."
act2_spire_receipt,The Week,Helion service counter,Edda,retain,acknowledge-spire-closure: Record the matched closure receipt and Edda’s current account.,What does using the hour cost another person?,"Canonical choice effects, gates and destinations match baseline; saved flags and journal remain authoritative.",Retain current scene: not part of the repeated briefing/return or recorded-speaker changes in this pass.,81,81,2,True,illustration,/art/spire-counter.jpg,"Establish and reuse the same service counter. Neutral papers and a sleeved receiver depict neither closure nor handover, including traced recovery."
act2_spire_result,The Week,Spire service exit,Edda,retain,spire-return-board: Return to the district board.,What does using the hour cost another person?,"Canonical choice effects, gates and destinations match baseline; saved flags and journal remain authoritative.",Retain current scene: not part of the repeated briefing/return or recorded-speaker changes in this pass.,86,86,5,True,portrait,/art/edda.jpg,"Keep Edda identifiable during archive terms, payroll conversations and the service-exit reflection. Her portrait conveys no employment or key outcome; prose records the actual position."
act3_spire_visit,The Wall,Ward Nine payroll table,Edda,edit,query-spire-reply: Wait with Edda for the signed request’s payroll reply.; close-spire-visit: Keep the actual payroll position and return.,"What can the runner honestly say, and whose boundaries still stand?","Canonical choice effects, gates and destinations match baseline; saved flags and journal remain authoritative.","Answer the actual accepted, unresolved or completed job without repeating its full journal recap.",109,56,5,True,illustration,/art/spire-payroll.jpg,"Establish the later neighborhood payroll table. Reuse neutral documents without implying a reply, refunded invoice, restored wage or erased badge trace."
act3_spire_reply,The Wall,Ward Nine payroll table,Edda,retain,record-spire-reply: Record the later closure and preserve the earlier uncertainty.,"What can the runner honestly say, and whose boundaries still stand?","Canonical choice effects, gates and destinations match baseline; saved flags and journal remain authoritative.",Retain current scene: not part of the repeated briefing/return or recorded-speaker changes in this pass.,98,98,1,True,illustration,/art/spire-payroll.jpg,"Establish the later neighborhood payroll table. Reuse neutral documents without implying a reply, refunded invoice, restored wage or erased badge trace."
act2_shelter_brief,The Week,Ward Four shelter stair,Sera,retain,"accept-shelter: Help the residents, then decide what room can be spared.; decline-shelter: Tell Sera you cannot take responsibility for this move.",What does using the hour cost another person?,"Canonical choice effects, gates and destinations match baseline; saved flags and journal remain authoritative.",Retain current scene: not part of the repeated briefing/return or recorded-speaker changes in this pass.,92,92,1,True,illustration,/art/shelter.jpg,"Establish the leaking landing and passable ramp before repair, evacuation or allocation is known."
act2_shelter_prep,The Week,Shelter landing,Sera,retain,shelter-prep-brace: Wedge a brace under the valve housing.; shelter-prep-controller: Find the controller’s local isolation switch.; shelter-prep-crew: Agree a repair shift with the neighborhood crew.; shelter-prep-ramp: Clear the accessible ramp to the staffed hall.; shelter-no-prep: Call the fitter or start the move now.,What does using the hour cost another person?,"Canonical choice effects, gates and destinations match baseline; saved flags and journal remain authoritative.",Retain current scene: not part of the repeated briefing/return or recorded-speaker changes in this pass.,69,69,1,True,portrait,/art/sera.jpg,"Keep Sera identifiable through shelter choices, witness review and memorial first arrivals or shorter returns. Reuse fits the same speaker and place; the portrait depicts no household move, protected witness or successful statement."
act2_shelter_methods,The Week,Shelter pump room,Sera,retain,shelter-turn-valve: Hold the housing and turn the valve.; shelter-local-control: Isolate the controller and close the bypass locally.; shelter-crew-repair: Call in the repair shift you agreed.; shelter-hire-fitter: Pay forty creds for the shelter fitter.; shelter-ghost-ramp: Lead the residents down your cleared ramp.; shelter-start-evacuation: Leave the valve. Arrange the free hall move.,What does using the hour cost another person?,"Canonical choice effects, gates and destinations match baseline; saved flags and journal remain authoritative.",Retain current scene: not part of the repeated briefing/return or recorded-speaker changes in this pass.,58,58,1,True,portrait,/art/sera.jpg,"Keep Sera identifiable through shelter choices, witness review and memorial first arrivals or shorter returns. Reuse fits the same speaker and place; the portrait depicts no household move, protected witness or successful statement."
act2_shelter_evacuation,The Week,Shelter exit ramp,Sera,retain,shelter-guide-hall: Help the chair and the bags down the ramp.; shelter-leave-crew: Leave the move with Sera. Do not claim an arrival.,What does using the hour cost another person?,"Canonical choice effects, gates and destinations match baseline; saved flags and journal remain authoritative.",Retain current scene: not part of the repeated briefing/return or recorded-speaker changes in this pass.,62,62,1,True,portrait,/art/sera.jpg,"Keep Sera identifiable through shelter choices, witness review and memorial first arrivals or shorter returns. Reuse fits the same speaker and place; the portrait depicts no household move, protected witness or successful statement."
act2_shelter_hall,The Week,Ward Four staffed hall,Sera,retain,shelter-confirm-hall: Record the arrival and leave the valve repair open.,What does using the hour cost another person?,"Canonical choice effects, gates and destinations match baseline; saved flags and journal remain authoritative.",Retain current scene: not part of the repeated briefing/return or recorded-speaker changes in this pass.,56,56,1,True,portrait,/art/sera.jpg,"Keep Sera identifiable through shelter choices, witness review and memorial first arrivals or shorter returns. Reuse fits the same speaker and place; the portrait depicts no household move, protected witness or successful statement."
act2_shelter_rooms,The Week,Shelter dry landing,Sera,edit,shelter-all-residents: Keep every dry room for the resident households.; shelter-fund-annex: Fund Ren’s agreed annex move and reserve the referral room.; shelter-carry-annex: Carry donated mattresses for Ren’s agreed annex move.; shelter-ward-annex: Ask the wards to fund the annex Ren agreed to use.,What does using the hour cost another person?,"Canonical choice effects, gates and destinations match baseline; saved flags and journal remain authoritative.",Keep allocation and one-use referral meaning; numeric costs remain visible in choices.,107,65,1,True,portrait,/art/sera.jpg,"Keep Sera identifiable through shelter choices, witness review and memorial first arrivals or shorter returns. Reuse fits the same speaker and place; the portrait depicts no household move, protected witness or successful statement."
act2_shelter_result,The Week,Ward Four shelter stair,Sera,retain,shelter-return-board: Return to the district board.,What does using the hour cost another person?,"Canonical choice effects, gates and destinations match baseline; saved flags and journal remain authoritative.",Retain current scene: not part of the repeated briefing/return or recorded-speaker changes in this pass.,70,70,5,True,portrait,/art/sera.jpg,"Keep Sera identifiable through shelter choices, witness review and memorial first arrivals or shorter returns. Reuse fits the same speaker and place; the portrait depicts no household move, protected witness or successful statement."
act3_shelter_visit,The Wall,Ward Nine neighbor table,Sera,edit,"shelter-fund-laundry: Pay twenty creds for the residents’ laundry.; shelter-carry-laundry: Carry the laundry cart to the washhouse.; shelter-listen-leave: Listen, keep the limits of what you saw, and return.","What can the runner honestly say, and whose boundaries still stand?","Canonical choice effects, gates and destinations match baseline; saved flags and journal remain authoritative.",Let Ren/Sera answer the observed route; keep the token single-use and witness permission separate.,95,70,5,True,portrait,/art/sera.jpg,"Keep Sera identifiable through shelter choices, witness review and memorial first arrivals or shorter returns. Reuse fits the same speaker and place; the portrait depicts no household move, protected witness or successful statement."
act2_freight_brief,The Week,Canal freight gate,Asa,edit,accept-freight-terms: Take responsibility for the sealed parcel and its receipt.; decline-freight: Tell Asa to find another carrier.,What does using the hour cost another person?,"Canonical choice effects, gates and destinations match baseline; saved flags and journal remain authoritative.",Give Asa a concrete unopened parcel and route problem.,104,71,1,True,illustration,/art/freight.jpg,Establish the sealed parcel and dispatch table before any delivery or intake is observed.
act2_freight_sources,The Week,Canal dispatch table,Asa,retain,inspect-freight-seal: Check the seal and the cold indicator.; inspect-freight-manifest: Read the cargo slip and the clinic stock code.; inspect-freight-window: Compare the public gate timetable with the service turn.; prepare-freight: Choose one preparation for the crossing.,What does using the hour cost another person?,"Canonical choice effects, gates and destinations match baseline; saved flags and journal remain authoritative.",Retain current scene: not part of the repeated briefing/return or recorded-speaker changes in this pass.,96,96,4,True,portrait,/art/asa.jpg,"Keep Asa identifiable during source inspection, transit choices and the later courier conversation. The portrait supplies no delivery or private-clearance confirmation."
act2_freight_prep,The Week,Canal service turn,Asa,retain,prep-freight-scout: Map the service gap.; prep-freight-reader: Isolate the stock reader.; prep-freight-escort: Arrange a freight volunteer’s escort.; prep-freight-brace: Brace the cooling case for the ramp.; freight-without-prep: Keep the queue moving. Use the courier or official desk.,What does using the hour cost another person?,"Canonical choice effects, gates and destinations match baseline; saved flags and journal remain authoritative.",Retain current scene: not part of the repeated briefing/return or recorded-speaker changes in this pass.,57,57,1,True,portrait,/art/asa.jpg,"Keep Asa identifiable during source inspection, transit choices and the later courier conversation. The portrait supplies no delivery or private-clearance confirmation."
act2_freight_crossing,The Week,Canal checkpoint,Asa,retain,"freight-service-run: Carry the case through the service turn.; freight-ghost-gap: Use your mapped gap without a second guess.; freight-chrome-stock: Write a local stock transfer, with no courier name in the carrier.; freight-face-escort: Have the prepared volunteer sponsor the sealed crossing.; freight-nerve-ramp: Carry the braced case down the service ramp.; freight-paid-courier: Pay for sealed cold carriage.; freight-official-desk: Use the free official cargo desk.",What does using the hour cost another person?,"Canonical choice effects, gates and destinations match baseline; saved flags and journal remain authoritative.",Retain current scene: not part of the repeated briefing/return or recorded-speaker changes in this pass.,56,56,1,True,portrait,/art/asa.jpg,"Keep Asa identifiable during source inspection, transit choices and the later courier conversation. The portrait supplies no delivery or private-clearance confirmation."
act2_freight_recovery,The Week,Canal cold cabinet,Asa,retain,freight-recovery-courier: Pay twenty-five creds to finish the delivery.; freight-recovery-desk: Finish through the free official desk.; freight-return-case: Return the cold case to Asa. Delivery remains unconfirmed.,What does using the hour cost another person?,"Canonical choice effects, gates and destinations match baseline; saved flags and journal remain authoritative.",Retain current scene: not part of the repeated briefing/return or recorded-speaker changes in this pass.,59,59,1,True,portrait,/art/asa.jpg,"Keep Asa identifiable during source inspection, transit choices and the later courier conversation. The portrait supplies no delivery or private-clearance confirmation."
act2_freight_intake,The Week,Clinic freight hatch,Asa,edit,acknowledge-freight-receipt: Wait for the stamped clinic stock receipt.; leave-freight-batch: Leave the case in the batch without observing a receipt.,What does using the hour cost another person?,"Canonical choice effects, gates and destinations match baseline; saved flags and journal remain authoritative.",Keep stock delivery separate from treatment and any future patient crossing.,72,54,1,True,portrait,/art/asa.jpg,"Keep Asa identifiable during source inspection, transit choices and the later courier conversation. The portrait supplies no delivery or private-clearance confirmation."
act2_freight_result,The Week,Canal dispatch table,Asa,retain,return-freight-board: Return to the district board.,What does using the hour cost another person?,"Canonical choice effects, gates and destinations match baseline; saved flags and journal remain authoritative.",Retain current scene: not part of the repeated briefing/return or recorded-speaker changes in this pass.,50,50,5,True,portrait,/art/asa.jpg,"Keep Asa identifiable during source inspection, transit choices and the later courier conversation. The portrait supplies no delivery or private-clearance confirmation."
act3_freight_visit,The Wall,Ward Nine courier table,Asa,edit,query-freight-receipt: Ask the clinic to check its stock book before claiming delivery.; reflect-freight-motive: Tell Asa why you took work that night.; close-freight-visit: Keep the receipt’s limits and leave the table.,"What can the runner honestly say, and whose boundaries still stand?","Canonical choice effects, gates and destinations match baseline; saved flags and journal remain authoritative.","Differentiate late confirmation, unconfirmed intake, exposure and unobserved receipt without a second payout.",69,58,7,True,portrait,/art/asa.jpg,"Keep Asa identifiable during source inspection, transit choices and the later courier conversation. The portrait supplies no delivery or private-clearance confirmation."
act3_freight_query,The Wall,Ward Nine courier table,Asa,retain,"record-freight-reply: Record the actual stock reply, then return to Asa.","What can the runner honestly say, and whose boundaries still stand?","Canonical choice effects, gates and destinations match baseline; saved flags and journal remain authoritative.",Retain current scene: not part of the repeated briefing/return or recorded-speaker changes in this pass.,44,44,2,True,portrait,/art/asa.jpg,"Keep Asa identifiable during source inspection, transit choices and the later courier conversation. The portrait supplies no delivery or private-clearance confirmation."
act3_freight_reflection,The Wall,Ward Nine courier table,Asa,retain,finish-freight-reflection: Leave Asa’s table and return to the wall’s questions.,"What can the runner honestly say, and whose boundaries still stand?","Canonical choice effects, gates and destinations match baseline; saved flags and journal remain authoritative.",Retain current scene: not part of the repeated briefing/return or recorded-speaker changes in this pass.,57,57,1,True,portrait,/art/asa.jpg,"Keep Asa identifiable during source inspection, transit choices and the later courier conversation. The portrait supplies no delivery or private-clearance confirmation."
opening_city,The Hour,"Kite City, Ward Four · before midnight",,retain,begin-opening: Walk toward the stall.; skip-opening: Go straight to Quill’s meeting.,"Why does this runner take the job, and what does the first commitment cost?","Canonical choice effects, gates and destinations match baseline; saved flags and journal remain authoritative.",Retain current scene: not part of the repeated briefing/return or recorded-speaker changes in this pass.,115,115,1,True,illustration,/art/opening.jpg,Establish the inhabited city and arrival before the job; no memo evidence or ending is shown.
opening_self,The Hour,"Ward Four, under the awnings",,retain,opening-survival: Keep tomorrow paid for.; opening-identity: Keep my name and my life mine.; opening-exit: Build a way out of this life.,"Why does this runner take the job, and what does the first commitment cost?","Canonical choice effects, gates and destinations match baseline; saved flags and journal remain authoritative.",Retain current scene: not part of the repeated briefing/return or recorded-speaker changes in this pass.,126,126,7,True,background,/art/stall.jpg,"Reuse the existing street backdrop for arrival roleplay, route transitions and district navigation. Keep these connective steps focused on choices rather than introducing another framed illustration."
opening_approach,The Hour,Ward Four night market,,edit,hear-stallholder: Ask her what she means.; meet-quill: Take the stool opposite Quill.,"Why does this runner take the job, and what does the first commitment cost?","Canonical choice effects, gates and destinations match baseline; saved flags and journal remain authoritative.",Stop repeating the full personal motive already voiced at departure and recalled below the Chapel.,88,63,3,True,background,/art/stall.jpg,"Reuse the existing street backdrop for arrival roleplay, route transitions and district navigation. Keep these connective steps focused on choices rather than introducing another framed illustration."
opening_neighbor,The Hour,"Noodle counter, Ward Four",,edit,take-the-stool: Sit down and hear Quill’s offer.,"Why does this runner take the job, and what does the first commitment cost?","Canonical choice effects, gates and destinations match baseline; saved flags and journal remain authoritative.",Keep the stallholder’s paid apology and ownership question; shorten the anecdote.,119,81,1,True,background,/art/stall.jpg,"Reuse the existing street backdrop for arrival roleplay, route transitions and district navigation. Keep these connective steps focused on choices rather than introducing another framed illustration."
stall,The Hour,"Noodle stall, Ward Four",Quill,retain,"ask-pay: Discuss the advance.; ask-why: Ask why he doesn't take it himself.; ask-chapel: Ask what the Chapel actually does.; ask-owner: Ask whose hour you are taking, and who gets it.; accept: Take the job.","Why does this runner take the job, and what does the first commitment cost?","Canonical choice effects, gates and destinations match baseline; saved flags and journal remain authoritative.",Retain current scene: not part of the repeated briefing/return or recorded-speaker changes in this pass.,104,104,12,True,portrait,/art/quill.jpg,"Reuse Quill’s existing portrait for briefing, memory ownership questions and recurring street work. The counter remains the same place; no new setting plate is needed. His portrait does not reveal the buyer, memo contents or an accepted contract."
job_owner,The Hour,"Noodle stall, Ward Four",Quill,edit,back-to-offer: Keep the unanswered question. Return to the offer.,"Why does this runner take the job, and what does the first commitment cost?","Canonical choice effects, gates and destinations match baseline; saved flags and journal remain authoritative.",Retain Mara’s ownership and Quill’s unnamed buyer; shorten the closing recap.,96,83,1,True,portrait,/art/quill.jpg,"Reuse Quill’s existing portrait for briefing, memory ownership questions and recurring street work. The counter remains the same place; no new setting plate is needed. His portrait does not reveal the buyer, memo contents or an accepted contract."
pay,The Hour,"Noodle stall, Ward Four",Quill,retain,haggle: Push the advance.; back: Leave the number alone.,"Why does this runner take the job, and what does the first commitment cost?","Canonical choice effects, gates and destinations match baseline; saved flags and journal remain authoritative.",Retain current scene: not part of the repeated briefing/return or recorded-speaker changes in this pass.,30,30,1,True,portrait,/art/quill.jpg,"Reuse Quill’s existing portrait for briefing, memory ownership questions and recurring street work. The counter remains the same place; no new setting plate is needed. His portrait does not reveal the buyer, memo contents or an accepted contract."
pay_yes,The Hour,"Noodle stall, Ward Four",Quill,retain,pocket: Pocket the promise.,"Why does this runner take the job, and what does the first commitment cost?","Canonical choice effects, gates and destinations match baseline; saved flags and journal remain authoritative.",Retain current scene: not part of the repeated briefing/return or recorded-speaker changes in this pass.,28,28,1,True,portrait,/art/quill.jpg,"Reuse Quill’s existing portrait for briefing, memory ownership questions and recurring street work. The counter remains the same place; no new setting plate is needed. His portrait does not reveal the buyer, memo contents or an accepted contract."
pay_no,The Hour,"Noodle stall, Ward Four",Quill,retain,sit-with-it: Sit with it.,"Why does this runner take the job, and what does the first commitment cost?","Canonical choice effects, gates and destinations match baseline; saved flags and journal remain authoritative.",Retain current scene: not part of the repeated briefing/return or recorded-speaker changes in this pass.,17,17,1,False,portrait,/art/quill.jpg,"Reuse Quill’s existing portrait for briefing, memory ownership questions and recurring street work. The counter remains the same place; no new setting plate is needed. His portrait does not reveal the buyer, memo contents or an accepted contract."
why,The Hour,"Noodle stall, Ward Four",Quill,retain,back: That's enough biography.,"Why does this runner take the job, and what does the first commitment cost?","Canonical choice effects, gates and destinations match baseline; saved flags and journal remain authoritative.",Retain current scene: not part of the repeated briefing/return or recorded-speaker changes in this pass.,61,61,1,False,portrait,/art/quill.jpg,"Reuse Quill’s existing portrait for briefing, memory ownership questions and recurring street work. The counter remains the same place; no new setting plate is needed. His portrait does not reveal the buyer, memo contents or an accepted contract."
chapel,The Hour,"Noodle stall, Ward Four",Quill,retain,back: You've heard enough.,"Why does this runner take the job, and what does the first commitment cost?","Canonical choice effects, gates and destinations match baseline; saved flags and journal remain authoritative.",Retain current scene: not part of the repeated briefing/return or recorded-speaker changes in this pass.,68,68,1,False,portrait,/art/quill.jpg,"Reuse Quill’s existing portrait for briefing, memory ownership questions and recurring street work. The counter remains the same place; no new setting plate is needed. His portrait does not reveal the buyer, memo contents or an accepted contract."
route,The Hour,Under the awning,Quill,retain,pass: Buy a counterfeit penitent pass.; use-pass: Use the penitent pass.; hatch: Take the maintenance hatch.; side: Spoof the choir door.,"Why does this runner take the job, and what does the first commitment cost?","Canonical choice effects, gates and destinations match baseline; saved flags and journal remain authoritative.",Retain current scene: not part of the repeated briefing/return or recorded-speaker changes in this pass.,102,102,4,True,portrait,/art/quill.jpg,"Reuse Quill’s existing portrait for briefing, memory ownership questions and recurring street work. The counter remains the same place; no new setting plate is needed. His portrait does not reveal the buyer, memo contents or an accepted contract."
front,The Hour,Chapel basin,Orderly,retain,bluff-door: Offer the pass and a tired story.; retreat: Pocket the pass and walk.,"Why does this runner take the job, and what does the first commitment cost?","Canonical choice effects, gates and destinations match baseline; saved flags and journal remain authoritative.",Retain current scene: not part of the repeated briefing/return or recorded-speaker changes in this pass.,41,41,1,False,portrait,/art/orderly.jpg,Reuse the chapel attendant portrait for the existing entrance encounter; no new character or setting plate is needed for this exchange.
hatch,The Hour,Incinerator vein,,retain,slip-hatch: Go in like a rumor.; retreat: This vein is wrong. Turn around.,"Why does this runner take the job, and what does the first commitment cost?","Canonical choice effects, gates and destinations match baseline; saved flags and journal remain authoritative.",Retain current scene: not part of the repeated briefing/return or recorded-speaker changes in this pass.,38,38,1,False,background,/art/stall.jpg,"Reuse the existing street backdrop for arrival roleplay, route transitions and district navigation. Keep these connective steps focused on choices rather than introducing another framed illustration."
hatch_caught,The Hour,Incinerator vein,,retain,"drop-tech: Put the tech down.; bail: Bail loud, before the shout finishes.","Why does this runner take the job, and what does the first commitment cost?","Canonical choice effects, gates and destinations match baseline; saved flags and journal remain authoritative.",Retain current scene: not part of the repeated briefing/return or recorded-speaker changes in this pass.,34,34,1,False,background,/art/stall.jpg,"Reuse the existing street backdrop for arrival roleplay, route transitions and district navigation. Keep these connective steps focused on choices rather than introducing another framed illustration."
side,The Hour,Choir door,,retain,spoof-door: Speak the pad's old language.; retreat: Leave the pad alone.,"Why does this runner take the job, and what does the first commitment cost?","Canonical choice effects, gates and destinations match baseline; saved flags and journal remain authoritative.",Retain current scene: not part of the repeated briefing/return or recorded-speaker changes in this pass.,40,40,1,True,background,/art/stall.jpg,"Reuse the existing street backdrop for arrival roleplay, route transitions and district navigation. Keep these connective steps focused on choices rather than introducing another framed illustration."
undercroft,The Hour,Chapel undercroft,,retain,search: Search the supply cage.; slate: Read the shift slate.; go: Enough. Find the nurse.,"Why does this runner take the job, and what does the first commitment cost?","Canonical choice effects, gates and destinations match baseline; saved flags and journal remain authoritative.",Retain current scene: not part of the repeated briefing/return or recorded-speaker changes in this pass.,83,83,4,True,background,/art/chapel.jpg,Reuse the established chapel backdrop for adjacent underground and alley transitions; these connective steps need no separate illustration.
lumen,The Hour,Chapel stair,Sister Lumen,retain,honest: Quill sent me for the Voss shard.; lie-stop: I'm here to stop the edit.; optic: Your optic is live. You're recording this.; brush: Move. I'm working.,"Why does this runner take the job, and what does the first commitment cost?","Canonical choice effects, gates and destinations match baseline; saved flags and journal remain authoritative.",Retain current scene: not part of the repeated briefing/return or recorded-speaker changes in this pass.,56,56,1,True,portrait,/art/lumen.jpg,"Use Lumen’s established portrait for clinic, care, source and dispatch conversations. Her presence identifies the recurring speaker; no art claims treatment, witness safety or completed repair."
lumen_deal,The Hour,Chapel stair,Sister Lumen,retain,pact-break: I'll break it.; pact-copy: I'll copy it. You get the leak. I get paid.; pact-sell: Ward Nine is not my job.; fake-pact: Promise to break it. Mean the sale.,"Why does this runner take the job, and what does the first commitment cost?","Canonical choice effects, gates and destinations match baseline; saved flags and journal remain authoritative.",Retain current scene: not part of the repeated briefing/return or recorded-speaker changes in this pass.,82,82,1,True,portrait,/art/lumen.jpg,"Use Lumen’s established portrait for clinic, care, source and dispatch conversations. Her presence identifies the recurring speaker; no art claims treatment, witness safety or completed repair."
lumen_cold,The Hour,Chapel stair,Sister Lumen,retain,jack-slate: Jack the wall slate before you go.; go-chair: Go to the chair.,"Why does this runner take the job, and what does the first commitment cost?","Canonical choice effects, gates and destinations match baseline; saved flags and journal remain authoritative.",Retain current scene: not part of the repeated briefing/return or recorded-speaker changes in this pass.,38,38,1,False,portrait,/art/lumen.jpg,"Use Lumen’s established portrait for clinic, care, source and dispatch conversations. Her presence identifies the recurring speaker; no art claims treatment, witness safety or completed repair."
memo,The Hour,The chair room,Mara,retain,heard: Keep the hour.,Responsibility for the recorded hour; claims and sources remain distinct.,"Canonical choice effects, gates and destinations match baseline; saved flags and journal remain authoritative.",Retain current scene: not part of the repeated briefing/return or recorded-speaker changes in this pass.,59,59,1,True,portrait,/art/mara.jpg,"Reuse Mara’s established portrait at the chair and during replay/interpretation of her recorded hour. Prose identifies recorded testimony; the portrait supplies no new live response, source proof or verdict."
mara_why,The Hour,The chair room,Mara,edit,inspect-hour: Open the hour on the memory bench.; why-signed: Keep the reason with the hour.,Responsibility for the recorded hour; claims and sources remain distinct.,"Canonical choice effects, gates and destinations match baseline; saved flags and journal remain authoritative.","Identify the voice as an unedited recording, separate from the voluntary Week conversation.",64,66,1,True,portrait,/art/mara.jpg,"Reuse Mara’s established portrait at the chair and during replay/interpretation of her recorded hour. Prose identifies recorded testimony; the portrait supplies no new live response, source proof or verdict."
vault_quiet,The Hour,The chair room,Mara,retain,"take: Take the shard.; copy: Copy it, then take the original.; fry: Fry the plinth and pull whatever survives.","Why does this runner take the job, and what does the first commitment cost?","Canonical choice effects, gates and destinations match baseline; saved flags and journal remain authoritative.",Retain current scene: not part of the repeated briefing/return or recorded-speaker changes in this pass.,57,57,1,True,portrait,/art/mara.jpg,"Reuse Mara’s established portrait at the chair and during replay/interpretation of her recorded hour. Prose identifies recorded testimony; the portrait supplies no new live response, source proof or verdict."
kerr,The Hour,The chair room,Kerr,retain,"tell-truth: Tell him who signed Ward Nine.; bluff-kerr: Bluff a reason to touch the plinth.; talk-leave: Convince him to let you walk.; slip: Slip the shard and the door.; fight: Put him down.; dose: Dose him, then strike.; crash: Crash the saint-machine.; copy-hot: Copy it while he closes the distance.","Why does this runner take the job, and what does the first commitment cost?","Canonical choice effects, gates and destinations match baseline; saved flags and journal remain authoritative.",Retain current scene: not part of the repeated briefing/return or recorded-speaker changes in this pass.,71,71,1,True,portrait,/art/kerr.jpg,"Reuse Kerr’s established portrait for confrontation, checkpoint and repair guidance. It depicts no rolled outcome, injury or successful repair."
kerr_fight,The Hour,The chair room,Kerr,retain,meet: Meet him.; dose-clinch: Dose him in the clinch.; crash-now: Crash the machine into both of you.; surrender: Drop the job.,"Why does this runner take the job, and what does the first commitment cost?","Canonical choice effects, gates and destinations match baseline; saved flags and journal remain authoritative.",Retain current scene: not part of the repeated briefing/return or recorded-speaker changes in this pass.,35,35,1,False,portrait,/art/kerr.jpg,"Reuse Kerr’s established portrait for confrontation, checkpoint and repair guidance. It depicts no rolled outcome, injury or successful repair."
after_kerr,The Hour,Chapel alley,,retain,sell: Bring the shard to Quill.; both: Quill gets the original. The copy gets out.; destroy: Destroy the shard.; deliver-ash: Take the ruined shard to Quill.; ditch-ash: Leave the ruined glass in the gutter.; walk: Go back with empty hands.,"Why does this runner take the job, and what does the first commitment cost?","Canonical choice effects, gates and destinations match baseline; saved flags and journal remain authoritative.",Retain current scene: not part of the repeated briefing/return or recorded-speaker changes in this pass.,57,57,1,True,background,/art/chapel.jpg,Reuse the established chapel backdrop for adjacent underground and alley transitions; these connective steps need no separate illustration.
ending_sold,The Wall,Ending,,retain,week-after: The week after.,Distinct final action and personal cost; preserve the existing coda.,"Canonical choice effects, gates and destinations match baseline; saved flags and journal remain authoritative.",Retain current scene: not part of the repeated briefing/return or recorded-speaker changes in this pass.,67,67,1,False,text,,Keep chapter cards and these outcome reflections in text; a shared outcome illustration would risk claiming evidence or consequences absent from a particular run.
ending_both,The Wall,Ending,,retain,week-after: The week after.,Distinct final action and personal cost; preserve the existing coda.,"Canonical choice effects, gates and destinations match baseline; saved flags and journal remain authoritative.",Retain current scene: not part of the repeated briefing/return or recorded-speaker changes in this pass.,80,80,1,True,text,,Keep chapter cards and these outcome reflections in text; a shared outcome illustration would risk claiming evidence or consequences absent from a particular run.
ending_burned,The Wall,Ending,Sister Lumen,retain,week-after: The week after.,Distinct final action and personal cost; preserve the existing coda.,"Canonical choice effects, gates and destinations match baseline; saved flags and journal remain authoritative.",Retain current scene: not part of the repeated briefing/return or recorded-speaker changes in this pass.,90,90,1,False,portrait,/art/lumen.jpg,"Use Lumen’s established portrait for clinic, care, source and dispatch conversations. Her presence identifies the recurring speaker; no art claims treatment, witness safety or completed repair."
ending_smashed,The Wall,Ending,,retain,week-after: The week after.,Distinct final action and personal cost; preserve the existing coda.,"Canonical choice effects, gates and destinations match baseline; saved flags and journal remain authoritative.",Retain current scene: not part of the repeated briefing/return or recorded-speaker changes in this pass.,52,52,1,False,text,,Keep chapter cards and these outcome reflections in text; a shared outcome illustration would risk claiming evidence or consequences absent from a particular run.
ending_ash,The Wall,Ending,,retain,week-after: The week after.,Distinct final action and personal cost; preserve the existing coda.,"Canonical choice effects, gates and destinations match baseline; saved flags and journal remain authoritative.",Retain current scene: not part of the repeated briefing/return or recorded-speaker changes in this pass.,58,58,1,False,text,,Keep chapter cards and these outcome reflections in text; a shared outcome illustration would risk claiming evidence or consequences absent from a particular run.
ending_walk,The Wall,Ending,,retain,week-after: The week after.,Distinct final action and personal cost; preserve the existing coda.,"Canonical choice effects, gates and destinations match baseline; saved flags and journal remain authoritative.",Retain current scene: not part of the repeated briefing/return or recorded-speaker changes in this pass.,52,52,1,False,text,,Keep chapter cards and these outcome reflections in text; a shared outcome illustration would risk claiming evidence or consequences absent from a particular run.
ending_taken,The Wall,Ending,,retain,week-after: The week after.,Distinct final action and personal cost; preserve the existing coda.,"Canonical choice effects, gates and destinations match baseline; saved flags and journal remain authoritative.",Retain current scene: not part of the repeated briefing/return or recorded-speaker changes in this pass.,62,62,1,False,text,,Keep chapter cards and these outcome reflections in text; a shared outcome illustration would risk claiming evidence or consequences absent from a particular run.
ending_sainted,The Wall,Ending,,retain,week-after: The week after.,Distinct final action and personal cost; preserve the existing coda.,"Canonical choice effects, gates and destinations match baseline; saved flags and journal remain authoritative.",Retain current scene: not part of the repeated briefing/return or recorded-speaker changes in this pass.,84,84,1,False,text,,Keep chapter cards and these outcome reflections in text; a shared outcome illustration would risk claiming evidence or consequences absent from a particular run.
districts,The Week,"District board, Ward Four",,edit,visit-workshop: Compare field equipment at the repair bench.; origin-contract: Call the contact who knew you before this job.; to-kerr: Ward Four; to-lumen: Glass Chapel; to-helion: Helion Spire; to-ward-nine: Ward Nine,What does using the hour cost another person?,"Canonical choice effects, gates and destinations match baseline; saved flags and journal remain authoritative.",Use existing work/kit flags to shorten a return; acceptance and refusal stay in the record.,93,93,3,True,background,/art/stall.jpg,"Reuse the existing street backdrop for arrival roleplay, route transitions and district navigation. Keep these connective steps focused on choices rather than introducing another framed illustration."
card_week,The Week,The Week,,retain,into-week: Walk out into the week.,What does using the hour cost another person?,"Canonical choice effects, gates and destinations match baseline; saved flags and journal remain authoritative.",Retain current scene: not part of the repeated briefing/return or recorded-speaker changes in this pass.,25,25,1,True,text,,Keep chapter cards and these outcome reflections in text; a shared outcome illustration would risk claiming evidence or consequences absent from a particular run.
street_after,The Hour,Ward Four,Quill,retain,practice: Learn one thing from the night.; read-board: Read the board.,"Why does this runner take the job, and what does the first commitment cost?","Canonical choice effects, gates and destinations match baseline; saved flags and journal remain authoritative.",Retain current scene: not part of the repeated briefing/return or recorded-speaker changes in this pass.,88,88,4,True,portrait,/art/quill.jpg,"Reuse Quill’s existing portrait for briefing, memory ownership questions and recurring street work. The counter remains the same place; no new setting plate is needed. His portrait does not reveal the buyer, memo contents or an accepted contract."
act2_kerr_door,The Week,Ward Four,Kerr,retain,hear-kerr: Hear what the week cost.; refuse-knee: Refuse the knee.; leave-kerr: Not the knee. Not tonight.,What does using the hour cost another person?,"Canonical choice effects, gates and destinations match baseline; saved flags and journal remain authoritative.",Retain current scene: not part of the repeated briefing/return or recorded-speaker changes in this pass.,69,69,1,True,portrait,/art/kerr.jpg,"Reuse Kerr’s established portrait for confrontation, checkpoint and repair guidance. It depicts no rolled outcome, injury or successful repair."
act2_lumen_door,The Week,Glass Chapel,Sister Lumen,retain,hear-lumen: Hear her out.; refuse-marker: Refuse the marker.; leave-lumen: Leave the step.,What does using the hour cost another person?,"Canonical choice effects, gates and destinations match baseline; saved flags and journal remain authoritative.",Retain current scene: not part of the repeated briefing/return or recorded-speaker changes in this pass.,65,65,1,True,portrait,/art/lumen.jpg,"Use Lumen’s established portrait for clinic, care, source and dispatch conversations. Her presence identifies the recurring speaker; no art claims treatment, witness safety or completed repair."
act2_helion_door,The Week,Helion Spire,Ives,retain,hear-ives: Hear the price.; refuse-clause: Refuse to initial the clause.; leave-ives: Leave the folio closed.,What does using the hour cost another person?,"Canonical choice effects, gates and destinations match baseline; saved flags and journal remain authoritative.",Retain current scene: not part of the repeated briefing/return or recorded-speaker changes in this pass.,79,79,1,True,portrait,/art/ives.jpg,"Reuse the existing Helion official portrait for offers, origin work and source challenges. It conveys no authorized evidence extraction or authenticated historical command."
act2_kerr,The Week,Ward Four,Kerr,retain,pay-kerr: Pay the week.; tell-kerr: Tell him the names.; refuse-kerr: Tell him the week is not for sale.,What does using the hour cost another person?,"Canonical choice effects, gates and destinations match baseline; saved flags and journal remain authoritative.",Retain current scene: not part of the repeated briefing/return or recorded-speaker changes in this pass.,64,64,1,True,portrait,/art/kerr.jpg,"Reuse Kerr’s established portrait for confrontation, checkpoint and repair guidance. It depicts no rolled outcome, injury or successful repair."
act2_lumen,The Week,Glass Chapel,Sister Lumen,retain,walk-with-her: Walk Ward Nine with her.; keep-marker: Keep the marker. Stay out of it.; decline-lumen: Tell her you are done.,What does using the hour cost another person?,"Canonical choice effects, gates and destinations match baseline; saved flags and journal remain authoritative.",Retain current scene: not part of the repeated briefing/return or recorded-speaker changes in this pass.,93,93,1,True,portrait,/art/lumen.jpg,"Use Lumen’s established portrait for clinic, care, source and dispatch conversations. Her presence identifies the recurring speaker; no art claims treatment, witness safety or completed repair."
act2_helion,The Week,Helion Spire,Ives,retain,give-copy: Give Ives the second copy.; convince-ives: Convince Ives you are finished.; refuse-ives: Refuse the tower.,What does using the hour cost another person?,"Canonical choice effects, gates and destinations match baseline; saved flags and journal remain authoritative.",Retain current scene: not part of the repeated briefing/return or recorded-speaker changes in this pass.,99,99,1,True,portrait,/art/ives.jpg,"Reuse the existing Helion official portrait for offers, origin work and source challenges. It conveys no authorized evidence extraction or authenticated historical command."
act2_middle,The Week,The dry canal,,edit,hear-mara-response: Hear Mara’s present-day request at the clinic.; answer-kerr-collection: Answer Kerr’s personal depot request.; help-clinic-notice: Help Lumen settle a clinic distribution notice.; help-clinic-pump: Answer the clinic’s coolant emergency.; take-recovery: Make time for a recovery visit.; protect-witness: Finish the promise to Nia Pell.; return-witness: Return when Nia is ready to review her account.; repair-location: Respond to the tower's inquiry at Nia's clinic.; hear-response: Read the neighborhood's response to your packet.; trace-order: Trace Helion's counter-order.; pay-tab: Pay Quill's tab.; refuse-tab: Tell Quill the tab can wait.; stand: Stand where the names are.; deal: Sell the week to Helion.,What does using the hour cost another person?,"Canonical choice effects, gates and destinations match baseline; saved flags and journal remain authoritative.",Introduce Junie as a person and shorten subsequent returns; retain unsettled commitments and Quill’s tab.,134,97,5,True,background,/art/canal.jpg,Reuse the established dry-canal backdrop for recovery and archive transitions. Evidence status remains in prose rather than an outcome image.
act2_heat,The Week,The dry canal,Kerr,retain,stand-heat: Stand anyway.; take-leftover: Take the leftover quiet.,What does using the hour cost another person?,"Canonical choice effects, gates and destinations match baseline; saved flags and journal remain authoritative.",Retain current scene: not part of the repeated briefing/return or recorded-speaker changes in this pass.,78,78,1,False,portrait,/art/kerr.jpg,"Reuse Kerr’s established portrait for confrontation, checkpoint and repair guidance. It depicts no rolled outcome, injury or successful repair."
act2_folio,The Week,Helion Spire,Ives,retain,cheap-deal: Take the forty.; stand-folio: Close it in the street.,What does using the hour cost another person?,"Canonical choice effects, gates and destinations match baseline; saved flags and journal remain authoritative.",Retain current scene: not part of the repeated briefing/return or recorded-speaker changes in this pass.,52,52,1,False,portrait,/art/ives.jpg,"Reuse the existing Helion official portrait for offers, origin work and source challenges. It conveys no authorized evidence extraction or authenticated historical command."
ending_exposed,The Wall,Ending,,retain,back-to-board: The districts again.,Distinct final action and personal cost; preserve the existing coda.,"Canonical choice effects, gates and destinations match baseline; saved flags and journal remain authoritative.",Retain current scene: not part of the repeated briefing/return or recorded-speaker changes in this pass.,45,45,1,False,text,,Keep chapter cards and these outcome reflections in text; a shared outcome illustration would risk claiming evidence or consequences absent from a particular run.
ending_week_wards,The Wall,Ending,,retain,back-to-board: The districts again.,Distinct final action and personal cost; preserve the existing coda.,"Canonical choice effects, gates and destinations match baseline; saved flags and journal remain authoritative.",Retain current scene: not part of the repeated briefing/return or recorded-speaker changes in this pass.,92,92,1,True,text,,Keep chapter cards and these outcome reflections in text; a shared outcome illustration would risk claiming evidence or consequences absent from a particular run.
ending_week_deal,The Wall,Ending,,retain,back-to-board: The districts again.,Distinct final action and personal cost; preserve the existing coda.,"Canonical choice effects, gates and destinations match baseline; saved flags and journal remain authoritative.",Retain current scene: not part of the repeated briefing/return or recorded-speaker changes in this pass.,70,70,1,True,text,,Keep chapter cards and these outcome reflections in text; a shared outcome illustration would risk claiming evidence or consequences absent from a particular run.
card_wall,The Wall,The Wall,,retain,to-the-wall: Go down to Ward Nine.,"What can the runner honestly say, and whose boundaries still stand?","Canonical choice effects, gates and destinations match baseline; saved flags and journal remain authoritative.",Retain current scene: not part of the repeated briefing/return or recorded-speaker changes in this pass.,35,35,2,True,text,,Keep chapter cards and these outcome reflections in text; a shared outcome illustration would risk claiming evidence or consequences absent from a particular run.
ward_wall,The Wall,Ward Nine,Sera,edit,visit-shelter-neighbors: Ask Sera how the shelter neighbors spent the night.; visit-spire-key: Ask Edda what payroll did with the old maintenance key.; visit-asa: Ask Asa what became of the clinic parcel.; face-sera: Tell her why you came.; read-third: Read the third name.,"What can the runner honestly say, and whose boundaries still stand?","Canonical choice effects, gates and destinations match baseline; saved flags and journal remain authoritative.","Keep Ivo, Junie and the conditional private living-witness ledger; shorten surrounding recap.",187,140,4,True,portrait,/art/sera.jpg,"Keep Sera identifiable through shelter choices, witness review and memorial first arrivals or shorter returns. Reuse fits the same speaker and place; the portrait depicts no household move, protected witness or successful statement."
act3_arrival,The Wall,Ward Nine,Sera,edit,visit-mara-response: Return to Mara about her reply.; visit-lumen-boundary: Hear Lumen’s own answer about future contact.; visit-kerr-collection: Hear Kerr’s response to the collection.; visit-quill-introduction: Return to Quill about his introduction.; ask-kerr-personal-question: Use the one question Kerr left open.; prepare-public-account: Prepare an account people can question after you leave.; read-names: Read the names you kept.; confirm-leak: Tell her the leak already started.; read-wall: Read the wall with the optic.; let-ives: Let Ives take the list.; say-anyway: Say the names with Ives listening.; leave-wall: Leave the wall to the rain.,"What can the runner honestly say, and whose boundaries still stand?","Canonical choice effects, gates and destinations match baseline; saved flags and journal remain authoritative.",Keep Sera’s choice and Ives’s actual deal condition; shorten returns after optional conversations.,125,95,3,True,portrait,/art/sera.jpg,"Keep Sera identifiable through shelter choices, witness review and memorial first arrivals or shorter returns. Reuse fits the same speaker and place; the portrait depicts no household move, protected witness or successful statement."
ending_listed,The Wall,Ending,Ives,retain,Finale and return to title,Distinct final action and personal cost; preserve the existing coda.,"Canonical choice effects, gates and destinations match baseline; saved flags and journal remain authoritative.",Retain current scene: not part of the repeated briefing/return or recorded-speaker changes in this pass.,58,58,1,True,portrait,/art/ives.jpg,"Reuse the existing Helion official portrait for offers, origin work and source challenges. It conveys no authorized evidence extraction or authenticated historical command."
ending_names,The Wall,Ending,Sera,retain,Finale and return to title,Distinct final action and personal cost; preserve the existing coda.,"Canonical choice effects, gates and destinations match baseline; saved flags and journal remain authoritative.",Retain current scene: not part of the repeated briefing/return or recorded-speaker changes in this pass.,68,68,1,True,portrait,/art/sera.jpg,"Keep Sera identifiable through shelter choices, witness review and memorial first arrivals or shorter returns. Reuse fits the same speaker and place; the portrait depicts no household move, protected witness or successful statement."
ending_quiet,The Wall,Ending,Sera,retain,Finale and return to title,Distinct final action and personal cost; preserve the existing coda.,"Canonical choice effects, gates and destinations match baseline; saved flags and journal remain authoritative.",Retain current scene: not part of the repeated briefing/return or recorded-speaker changes in this pass.,67,67,1,True,portrait,/art/sera.jpg,"Keep Sera identifiable through shelter choices, witness review and memorial first arrivals or shorter returns. Reuse fits the same speaker and place; the portrait depicts no household move, protected witness or successful statement."
ending_witness,The Wall,Ending,Sera,retain,Finale and return to title,Distinct final action and personal cost; preserve the existing coda.,"Canonical choice effects, gates and destinations match baseline; saved flags and journal remain authoritative.",Retain current scene: not part of the repeated briefing/return or recorded-speaker changes in this pass.,73,73,1,True,portrait,/art/sera.jpg,"Keep Sera identifiable through shelter choices, witness review and memorial first arrivals or shorter returns. Reuse fits the same speaker and place; the portrait depicts no household move, protected witness or successful statement."
act3_testimony_review,The Wall,Ward Nine records table,Sera,retain,scope-corroborated: Attach independent corroboration and state what it establishes.; scope-bounded: Keep the cancellation as a question that still needs corroboration.; skip-testimony: Return to the names without drafting a public account.,"What can the runner honestly say, and whose boundaries still stand?","Canonical choice effects, gates and destinations match baseline; saved flags and journal remain authoritative.",Retain current scene: not part of the repeated briefing/return or recorded-speaker changes in this pass.,67,67,1,True,portrait,/art/sera.jpg,"Keep Sera identifiable through shelter choices, witness review and memorial first arrivals or shorter returns. Reuse fits the same speaker and place; the portrait depicts no household move, protected witness or successful statement."
act3_testimony_consent,The Wall,Ward Nine records table,Sera,retain,ask-public-permission: Ask Nia whether her approved words can enter this public account.; keep-recording-private: Keep Nia's words private; describe only the source status.,"What can the runner honestly say, and whose boundaries still stand?","Canonical choice effects, gates and destinations match baseline; saved flags and journal remain authoritative.",Retain current scene: not part of the repeated briefing/return or recorded-speaker changes in this pass.,39,39,2,True,portrait,/art/sera.jpg,"Keep Sera identifiable through shelter choices, witness review and memorial first arrivals or shorter returns. Reuse fits the same speaker and place; the portrait depicts no household move, protected witness or successful statement."
act3_testimony_nia,The Wall,"Witness room, Ward Nine",Nia Pell,retain,accept-public-permission: Accept Nia's terms for this account.; decline-public-quote: Keep her recording private instead.,"What can the runner honestly say, and whose boundaries still stand?","Canonical choice effects, gates and destinations match baseline; saved flags and journal remain authoritative.",Retain current scene: not part of the repeated briefing/return or recorded-speaker changes in this pass.,73,73,1,True,portrait,/art/nia.jpg,"Reuse Nia’s distinct portrait for private terms, review and contact. Never depict or expose a current address, moved witness or permission not present in the state."
act3_testimony_hearing,The Wall,Ward Nine records table,Ives,retain,"answer-authenticated-key: Identify the reader-authenticated issuing key and retain the original.; answer-corroboration: Identify independent corroboration, without calling it key authentication.; answer-open-question: State the cancellation as an open question and preserve the source limits.; claim-key-anyway: Call the issuing key authenticated without a successful key match.","What can the runner honestly say, and whose boundaries still stand?","Canonical choice effects, gates and destinations match baseline; saved flags and journal remain authoritative.",Retain current scene: not part of the repeated briefing/return or recorded-speaker changes in this pass.,69,69,1,True,portrait,/art/ives.jpg,"Reuse the existing Helion official portrait for offers, origin work and source challenges. It conveys no authorized evidence extraction or authenticated historical command."
act3_testimony_correction,The Wall,Ward Nine records table,Sera,retain,correct-hearing: Correct the certainty and keep the earlier sentence attached.,"What can the runner honestly say, and whose boundaries still stand?","Canonical choice effects, gates and destinations match baseline; saved flags and journal remain authoritative.",Retain current scene: not part of the repeated briefing/return or recorded-speaker changes in this pass.,44,44,1,True,portrait,/art/sera.jpg,"Keep Sera identifiable through shelter choices, witness review and memorial first arrivals or shorter returns. Reuse fits the same speaker and place; the portrait depicts no household move, protected witness or successful statement."
act3_testimony_record,The Wall,Ward Nine records table,Sera,retain,file-public-account: File the public account with its sources and limits.; withdraw-public-account: Withdraw the draft and keep the sources in private custody.,"What can the runner honestly say, and whose boundaries still stand?","Canonical choice effects, gates and destinations match baseline; saved flags and journal remain authoritative.",Retain current scene: not part of the repeated briefing/return or recorded-speaker changes in this pass.,64,64,3,True,portrait,/art/sera.jpg,"Keep Sera identifiable through shelter choices, witness review and memorial first arrivals or shorter returns. Reuse fits the same speaker and place; the portrait depicts no household move, protected witness or successful statement."
memory_table,The Hour,"Memory bench, Glass Chapel",Mara,retain,inspect-signature: Inspect the signature.; inspect-order: Inspect the counter-order.; inspect-roster: Inspect the living witness.; reconstruct: Compare the signature with the later order.; seal-full: Preserve the complete archive.; seal-redacted: Redact worker locations. Keep the order.; seal-witness: Carry Nia's account through a witness chain.,Responsibility for the recorded hour; claims and sources remain distinct.,"Canonical choice effects, gates and destinations match baseline; saved flags and journal remain authoritative.",Retain current scene: not part of the repeated briefing/return or recorded-speaker changes in this pass.,71,71,4,True,illustration,/art/memory-bench.jpg,Reuse the three-fragment viewer for the playable timeline in the same inspection workspace. The neutral plate shows neither a completed chronology nor an authenticated source. Opened sources have illustrative close-ups without readable identities or authentication; written evidence retains authority.
memory_reconstruction,The Hour,"Memory bench, Glass Chapel",Mara,edit,assemble-timeline: Reconstruct the hour on the timeline.; question-mara: Ask Mara what she actually knew before signing.; separate-decisions: Keep Mara's authorization and the later counter-order separate.; clear-mara: The later order clears Mara of responsibility.; ignore-order: Her signature is enough. Leave the counter-order out.,Responsibility for the recorded hour; claims and sources remain distinct.,"Canonical choice effects, gates and destinations match baseline; saved flags and journal remain authoritative.",Frame the bench as a replay and preserve the unverified issuer and witness limits.,76,56,1,True,portrait,/art/mara.jpg,"Reuse Mara’s established portrait at the chair and during replay/interpretation of her recorded hour. Prose identifies recorded testimony; the portrait supplies no new live response, source proof or verdict."
memory_sequence,The Hour,"Memory bench, Glass Chapel",Mara,retain,place-order: Place the counter-order in the next slot.; place-roster: Place the living witness in the next slot.; place-signature: Place the signature in the next slot.; reset-timeline: Clear the draft timeline.; test-timeline: Check this chronology against the timestamps.; leave-timeline: Return to the account without testing a draft.,Responsibility for the recorded hour; claims and sources remain distinct.,"Canonical choice effects, gates and destinations match baseline; saved flags and journal remain authoritative.",Retain current scene: not part of the repeated briefing/return or recorded-speaker changes in this pass.,54,54,1,True,illustration,/art/memory-bench.jpg,Reuse the three-fragment viewer for the playable timeline in the same inspection workspace. The neutral plate shows neither a completed chronology nor an authenticated source. Opened sources have illustrative close-ups without readable identities or authentication; written evidence retains authority.
memory_sequence_result,The Hour,"Memory bench, Glass Chapel",Mara,edit,rebuild-timeline: Clear the slots and rebuild from the sources.; choose-model: Choose a claim to test.; leave-sequence-open: Record the chronology as unresolved. Test a claim separately.,Responsibility for the recorded hour; claims and sources remain distinct.,"Canonical choice effects, gates and destinations match baseline; saved flags and journal remain authoritative.",Attribute the unchanged voice line to the recorded interview.,47,47,2,True,portrait,/art/mara-questioning.jpg,"Reuse the restrained Mara expression for recorded interview passages and source limits. The portrait illustrates the recorded speaker; it does not imply she hears the runner, answers a new question, endorses a verdict or supplies authentication."
memory_model,The Hour,"Memory bench, Glass Chapel",Mara,retain,model-absolution: Test whether the later order erases Mara's authorization.; model-issuer: Test whether the receipt independently authenticates its issuer.; model-bounded: Test whether the hour records two separate decisions.,Responsibility for the recorded hour; claims and sources remain distinct.,"Canonical choice effects, gates and destinations match baseline; saved flags and journal remain authoritative.",Retain current scene: not part of the repeated briefing/return or recorded-speaker changes in this pass.,45,45,1,True,portrait,/art/mara.jpg,"Reuse Mara’s established portrait at the chair and during replay/interpretation of her recorded hour. Prose identifies recorded testimony; the portrait supplies no new live response, source proof or verdict."
memory_model_test,The Hour,"Memory bench, Glass Chapel",Mara,retain,verdict-supported: The claim is supported.; verdict-contradicted: The claim is contradicted.; verdict-unresolved: The claim is unresolved.,Responsibility for the recorded hour; claims and sources remain distinct.,"Canonical choice effects, gates and destinations match baseline; saved flags and journal remain authoritative.",Retain current scene: not part of the repeated briefing/return or recorded-speaker changes in this pass.,81,81,2,True,portrait,/art/mara-questioning.jpg,"Reuse the restrained Mara expression for recorded interview passages and source limits. The portrait illustrates the recorded speaker; it does not imply she hears the runner, answers a new question, endorses a verdict or supplies authentication."
memory_model_result,The Hour,"Memory bench, Glass Chapel",Sister Lumen,edit,record-tested-account: Carry a bounded account with its source limits.; revise-model: Revise the verdict. Keep the first attempt beside the correction.; carry-disputed-model: Carry my verdict with Lumen's challenge attached.,Responsibility for the recorded hour; claims and sources remain distinct.,"Canonical choice effects, gates and destinations match baseline; saved flags and journal remain authoritative.",Shorten successful reasoning feedback while retaining Nia’s account permission limit.,69,65,2,True,portrait,/art/lumen-challenging.jpg,"Restrained questioning expression accompanies source limits and testimony; it conveys attention without implying approval, authentication or a known outcome."
memory_challenge,The Hour,"Memory bench, Glass Chapel",Mara,edit,keep-both-decisions: Keep both decisions. Mark what remains unknown.,Responsibility for the recorded hour; claims and sources remain distinct.,"Canonical choice effects, gates and destinations match baseline; saved flags and journal remain authoritative.",Keep the signature challenge inside the recording; do not imply current feedback.,43,43,1,True,portrait,/art/mara.jpg,"Reuse Mara’s established portrait at the chair and during replay/interpretation of her recorded hour. Prose identifies recorded testimony; the portrait supplies no new live response, source proof or verdict."
memory_cross_exam,The Hour,"Memory bench, Glass Chapel",Mara,edit,ask-evacuation-assurance: What made you believe the workers were out?; ask-command-contact: Whose word did you trust on that channel?; close-cross-exam: Keep her answers attributed. Return to the two decisions.,Responsibility for the recorded hour; claims and sources remain distinct.,"Canonical choice effects, gates and destinations match baseline; saved flags and journal remain authoritative.",State that the embedded interview cannot hear the runner; label the two choices as replay.,61,57,3,True,portrait,/art/mara-questioning.jpg,"Reuse the restrained Mara expression for recorded interview passages and source limits. The portrait illustrates the recorded speaker; it does not imply she hears the runner, answers a new question, endorses a verdict or supplies authentication."
memory_assurance,The Hour,"Memory bench, Glass Chapel",Mara,edit,"record-assurance-limit: Record what she says, and the confirmation she never obtained.",Responsibility for the recorded hour; claims and sources remain distinct.,"Canonical choice effects, gates and destinations match baseline; saved flags and journal remain authoritative.",Frame the unchanged voiced quotation as recorded testimony.,79,82,1,True,portrait,/art/mara-questioning.jpg,"Reuse the restrained Mara expression for recorded interview passages and source limits. The portrait illustrates the recorded speaker; it does not imply she hears the runner, answers a new question, endorses a verdict or supplies authentication."
memory_channel,The Hour,"Memory bench, Glass Chapel",Mara,edit,record-channel-limit: Keep the channel identified and the individual issuer unknown.,Responsibility for the recorded hour; claims and sources remain distinct.,"Canonical choice effects, gates and destinations match baseline; saved flags and journal remain authoritative.",Place the unchanged voiced quotation and hand gesture in the recorded interview.,70,73,1,True,portrait,/art/mara-questioning.jpg,"Reuse the restrained Mara expression for recorded interview passages and source limits. The portrait illustrates the recorded speaker; it does not imply she hears the runner, answers a new question, endorses a verdict or supplies authentication."
memory_publication,The Hour,"Memory bench, Glass Chapel",Sister Lumen,edit,label-unverified: Describe the cancellation. Mark the issuing key unverified.; name-tower: Accuse Helion publicly before authenticating the key.,Responsibility for the recorded hour; claims and sources remain distinct.,"Canonical choice effects, gates and destinations match baseline; saved flags and journal remain authoritative.",Shorten repeated disposition instructions; protect the exact Lumen quotation.,71,63,1,True,portrait,/art/lumen-challenging.jpg,"Restrained questioning expression accompanies source limits and testimony; it conveys attention without implying approval, authentication or a known outcome."
act2_training,The Week,Ward Four,,retain,learn-chrome: Signal discipline; learn-nerve: Steady hands; learn-face: Read the room; learn-ghost: Count the exits,What does using the hour cost another person?,"Canonical choice effects, gates and destinations match baseline; saved flags and journal remain authoritative.",Retain current scene: not part of the repeated briefing/return or recorded-speaker changes in this pass.,43,43,1,True,background,/art/stall.jpg,"Reuse the existing street backdrop for arrival roleplay, route transitions and district navigation. Keep these connective steps focused on choices rather than introducing another framed illustration."
act2_origin_gutterwire,The Week,Ward Four,Sera,retain,plan-shelter: Help Sera plan the repair and resident beds.; move-valve: Brace the pump and turn the valve.; leave-pump: Leave the pump to its crew.,What does using the hour cost another person?,"Canonical choice effects, gates and destinations match baseline; saved flags and journal remain authoritative.",Retain current scene: not part of the repeated briefing/return or recorded-speaker changes in this pass.,50,50,1,True,portrait,/art/sera.jpg,"Keep Sera identifiable through shelter choices, witness review and memorial first arrivals or shorter returns. Reuse fits the same speaker and place; the portrait depicts no household move, protected witness or successful statement."
act2_origin_spire,The Week,Helion Spire,Ives,retain,plan-spire-key: Ask Edda to explain the key before you touch the terminal.; clear-key: Revoke Edda's old key.; leave-key: Keep your old clearance out of it.,What does using the hour cost another person?,"Canonical choice effects, gates and destinations match baseline; saved flags and journal remain authoritative.",Retain current scene: not part of the repeated briefing/return or recorded-speaker changes in this pass.,59,59,1,True,portrait,/art/ives.jpg,"Reuse the existing Helion official portrait for offers, origin work and source challenges. It conveys no authorized evidence extraction or authenticated historical command."
act2_origin_dustline,The Week,Canal freight gate,Quill,retain,plan-freight: Meet Asa and plan the sealed delivery.; courier-run: Carry the parcel through the service turn.; leave-parcel: Let another courier take it.,What does using the hour cost another person?,"Canonical choice effects, gates and destinations match baseline; saved flags and journal remain authoritative.",Retain current scene: not part of the repeated briefing/return or recorded-speaker changes in this pass.,58,58,1,True,portrait,/art/quill.jpg,"Reuse Quill’s existing portrait for briefing, memory ownership questions and recurring street work. The counter remains the same place; no new setting plate is needed. His portrait does not reveal the buyer, memo contents or an accepted contract."
act2_origin_return,The Week,District board,,retain,return-board: Return to the board.,What does using the hour cost another person?,"Canonical choice effects, gates and destinations match baseline; saved flags and journal remain authoritative.",Retain current scene: not part of the repeated briefing/return or recorded-speaker changes in this pass.,39,39,1,True,background,/art/stall.jpg,"Reuse the existing street backdrop for arrival roleplay, route transitions and district navigation. Keep these connective steps focused on choices rather than introducing another framed illustration."
act2_witness_door,The Week,"Witness room, Glass Chapel",Sister Lumen,retain,use-shelter: Use the room the wards reserved.; use-freight: Burn Asa's passenger clearance.; quill-room: Ask Quill to cover the room.; pay-room: Pay for an unregistered clinic room.; slip-witness: Take Nia through the canal service hatch.; chrome-transfer: Write a clinic-only transfer using the scanner protocol.; face-transfer: Have the volunteer take responsibility for the room.; ghost-transfer: Use the patrol gap you mapped.; nerve-transfer: Carry the braced chair down the narrow service ramp.; leave-witness: Leave the move unresolved.,What does using the hour cost another person?,"Canonical choice effects, gates and destinations match baseline; saved flags and journal remain authoritative.",Retain current scene: not part of the repeated briefing/return or recorded-speaker changes in this pass.,72,72,1,True,portrait,/art/lumen.jpg,"Use Lumen’s established portrait for clinic, care, source and dispatch conversations. Her presence identifies the recurring speaker; no art claims treatment, witness safety or completed repair."
act2_witness_checkpoint,The Week,Canal checkpoint,Kerr,retain,clinic-transfer: Trade Lumen's clinic marker for a transfer.; argue-transfer: Make the desk accept an emergency transfer.; registered-transfer: Accept a registered transfer.,What does using the hour cost another person?,"Canonical choice effects, gates and destinations match baseline; saved flags and journal remain authoritative.",Retain current scene: not part of the repeated briefing/return or recorded-speaker changes in this pass.,67,67,1,True,portrait,/art/kerr.jpg,"Reuse Kerr’s established portrait for confrontation, checkpoint and repair guidance. It depicts no rolled outcome, injury or successful repair."
act2_witness_safe,The Week,"Witness room, Ward Nine",Sera,retain,file-account: Attach Nia's account to the evidence.,What does using the hour cost another person?,"Canonical choice effects, gates and destinations match baseline; saved flags and journal remain authoritative.",Retain current scene: not part of the repeated briefing/return or recorded-speaker changes in this pass.,59,59,1,True,portrait,/art/sera.jpg,"Keep Sera identifiable through shelter choices, witness review and memorial first arrivals or shorter returns. Reuse fits the same speaker and place; the portrait depicts no household move, protected witness or successful statement."
act2_witness_lost,The Week,Glass Chapel,Sister Lumen,retain,record-cost: Keep the account and record the breach.,What does using the hour cost another person?,"Canonical choice effects, gates and destinations match baseline; saved flags and journal remain authoritative.",Retain current scene: not part of the repeated briefing/return or recorded-speaker changes in this pass.,57,57,1,False,portrait,/art/lumen.jpg,"Use Lumen’s established portrait for clinic, care, source and dispatch conversations. Her presence identifies the recurring speaker; no art claims treatment, witness safety or completed repair."
act2_archive_door,The Week,Helion service archive,Ives,retain,trace-receipt: Match the receipt to its issuing key.; isolate-key: Isolate the issuing key on a local reader.; request-invoice: Ask Edda to countersign the maintenance invoice.; lift-carbon: Recover the ledger's carbon copy from the service slot.; hold-reader: Hold the inspection hatch while Edda reads the ledger.; leave-archive: Keep the export without authenticating it.,What does using the hour cost another person?,"Canonical choice effects, gates and destinations match baseline; saved flags and journal remain authoritative.",Retain current scene: not part of the repeated briefing/return or recorded-speaker changes in this pass.,56,56,1,True,portrait,/art/ives.jpg,"Reuse the existing Helion official portrait for offers, origin work and source challenges. It conveys no authorized evidence extraction or authenticated historical command."
act2_archive_gap,The Week,Helion service archive,,retain,old-employee: Use your old employee number.; buy-ledger: Pay for the shift ledger.; keep-gap: Record the gap. Keep the export.,What does using the hour cost another person?,"Canonical choice effects, gates and destinations match baseline; saved flags and journal remain authoritative.",Retain current scene: not part of the repeated briefing/return or recorded-speaker changes in this pass.,51,51,1,True,background,/art/spire.jpg,Reuse the established Spire backdrop for the archive gap; an unresolved source position must not be illustrated as a recovered record.
act2_archive_verified,The Week,The dry canal,,retain,keep-chain: Keep both decisions attached.,What does using the hour cost another person?,"Canonical choice effects, gates and destinations match baseline; saved flags and journal remain authoritative.",Retain current scene: not part of the repeated briefing/return or recorded-speaker changes in this pass.,41,41,1,True,background,/art/canal.jpg,Reuse the established dry-canal backdrop for recovery and archive transitions. Evidence status remains in prose rather than an outcome image.
act2_workshop,The Week,District repair bench,Quill,retain,buy-archive-probe: Buy the Archive Probe.; buy-chair-harness: Buy the Chair Harness.; buy-desk-guide: Buy the Clinic Desk Guide.; buy-route-shroud: Buy the Route Shroud.; leave-workshop: Keep the care budget. Return to the district board.,What does using the hour cost another person?,"Canonical choice effects, gates and destinations match baseline; saved flags and journal remain authoritative.",Retain current scene: not part of the repeated briefing/return or recorded-speaker changes in this pass.,100,100,1,True,portrait,/art/quill.jpg,"Reuse Quill’s existing portrait for briefing, memory ownership questions and recurring street work. The counter remains the same place; no new setting plate is needed. His portrait does not reveal the buyer, memo contents or an accepted contract."
act2_recovery,The Week,Glass Chapel,Sister Lumen,retain,pay-recovery: Pay forty-five creds for staffed recovery.; favor-recovery: Ask Lumen to cover a staffed rest.; short-recovery: Take a short rest on the canal steps.; leave-recovery: Return without using the recovery visit.,What does using the hour cost another person?,"Canonical choice effects, gates and destinations match baseline; saved flags and journal remain authoritative.",Retain current scene: not part of the repeated briefing/return or recorded-speaker changes in this pass.,73,73,1,True,portrait,/art/lumen.jpg,"Use Lumen’s established portrait for clinic, care, source and dispatch conversations. Her presence identifies the recurring speaker; no art claims treatment, witness safety or completed repair."
act2_recovery_after,The Week,The dry canal,Sister Lumen,retain,return-after-recovery: Return to the unfinished work.,What does using the hour cost another person?,"Canonical choice effects, gates and destinations match baseline; saved flags and journal remain authoritative.",Retain current scene: not part of the repeated briefing/return or recorded-speaker changes in this pass.,60,60,3,True,portrait,/art/lumen.jpg,"Use Lumen’s established portrait for clinic, care, source and dispatch conversations. Her presence identifies the recurring speaker; no art claims treatment, witness safety or completed repair."
act2_pump_brief,The Week,Ward Nine coolant station,Sister Lumen,retain,ask-kerr-pump: Ask Kerr to hold the service door.; work-pump: Choose a way to restore the coolant.; leave-pump-brief: Leave Lumen to move the cabinet. Keep your other commitments.,What does using the hour cost another person?,"Canonical choice effects, gates and destinations match baseline; saved flags and journal remain authoritative.",Retain current scene: not part of the repeated briefing/return or recorded-speaker changes in this pass.,84,84,1,True,portrait,/art/lumen.jpg,"Use Lumen’s established portrait for clinic, care, source and dispatch conversations. Her presence identifies the recurring speaker; no art claims treatment, witness safety or completed repair."
act2_pump_methods,The Week,Ward Nine coolant station,Kerr,retain,isolate-pump: Isolate the damaged relay and restart the spare.; dispatch-pump: Get the maintenance dispatcher to send the spare crew.; route-pump: Reach the service valve through the closed freight passage.; brace-pump: Hold the manual bypass while Lumen switches the circuit.,What does using the hour cost another person?,"Canonical choice effects, gates and destinations match baseline; saved flags and journal remain authoritative.",Retain current scene: not part of the repeated briefing/return or recorded-speaker changes in this pass.,72,72,2,True,portrait,/art/kerr.jpg,"Reuse Kerr’s established portrait for confrontation, checkpoint and repair guidance. It depicts no rolled outcome, injury or successful repair."
act2_pump_triage,The Week,Clinic loading ramp,Sister Lumen,retain,fund-cold-transfer: Pay thirty-five creds for the cold-storage courier.; carry-cold-transfer: Carry the insulated boxes up the service stairs.; leave-cold-transfer: Let Lumen divert her staff to the transfer.,What does using the hour cost another person?,"Canonical choice effects, gates and destinations match baseline; saved flags and journal remain authoritative.",Retain current scene: not part of the repeated briefing/return or recorded-speaker changes in this pass.,74,74,1,True,portrait,/art/lumen.jpg,"Use Lumen’s established portrait for clinic, care, source and dispatch conversations. Her presence identifies the recurring speaker; no art claims treatment, witness safety or completed repair."
act2_pump_report,The Week,Ward Nine coolant station,Sister Lumen,retain,keep-pump-local: Leave the repair record with the neighborhood.; file-pump-rebate: File the contractor receipt with Helion for forty creds.,What does using the hour cost another person?,"Canonical choice effects, gates and destinations match baseline; saved flags and journal remain authoritative.",Retain current scene: not part of the repeated briefing/return or recorded-speaker changes in this pass.,62,62,1,True,portrait,/art/lumen.jpg,"Use Lumen’s established portrait for clinic, care, source and dispatch conversations. Her presence identifies the recurring speaker; no art claims treatment, witness safety or completed repair."
act3_pump_visit,The Wall,Ward Nine clinic service door,Kerr,retain,book-pump-inspection: Arrange the next inspection for the repaired circuit.; leave-pump-visit: Return to the neighbors before the wall.,"What can the runner honestly say, and whose boundaries still stand?","Canonical choice effects, gates and destinations match baseline; saved flags and journal remain authoritative.",Retain current scene: not part of the repeated briefing/return or recorded-speaker changes in this pass.,90,90,4,True,portrait,/art/kerr.jpg,"Reuse Kerr’s established portrait for confrontation, checkpoint and repair guidance. It depicts no rolled outcome, injury or successful repair."
act3_pump_schedule,The Wall,Ward Nine clinic service door,Sister Lumen,retain,pay-pump-inspection: Pay twenty creds to book a technician.; wards-pump-inspection: Ask the neighborhood crew to cover the inspection.; leave-pump-schedule: Let the clinic arrange the next inspection.,"What can the runner honestly say, and whose boundaries still stand?","Canonical choice effects, gates and destinations match baseline; saved flags and journal remain authoritative.",Retain current scene: not part of the repeated briefing/return or recorded-speaker changes in this pass.,72,72,1,True,portrait,/art/lumen.jpg,"Use Lumen’s established portrait for clinic, care, source and dispatch conversations. Her presence identifies the recurring speaker; no art claims treatment, witness safety or completed repair."
act2_notice_brief,The Week,"Clinic dispatch desk, Glass Chapel",Sister Lumen,retain,accept-notice: Compare the routing sources before choosing a notice.; leave-notice-brief: Leave the distribution decision with clinic staff.,What does using the hour cost another person?,"Canonical choice effects, gates and destinations match baseline; saved flags and journal remain authoritative.",Retain current scene: not part of the repeated briefing/return or recorded-speaker changes in this pass.,88,88,1,True,portrait,/art/lumen.jpg,"Use Lumen’s established portrait for clinic, care, source and dispatch conversations. Her presence identifies the recurring speaker; no art claims treatment, witness safety or completed repair."
act2_notice_sources,The Week,"Clinic dispatch desk, Glass Chapel",Sister Lumen,retain,read-notice-slip: Read the housing slip.; read-notice-map: Read the bus map.; read-notice-card: Read the appointment card.; plan-notice: Choose how to distribute the appointment information.; defer-notice: Return the papers. Leave distribution unresolved.,What does using the hour cost another person?,"Canonical choice effects, gates and destinations match baseline; saved flags and journal remain authoritative.",Retain current scene: not part of the repeated briefing/return or recorded-speaker changes in this pass.,45,45,1,True,portrait,/art/lumen.jpg,"Use Lumen’s established portrait for clinic, care, source and dispatch conversations. Her presence identifies the recurring speaker; no art claims treatment, witness safety or completed repair."
act2_notice_methods,The Week,"Clinic dispatch desk, Glass Chapel",Sister Lumen,retain,"courier-notice: Pay twenty creds for sealed appointment cards.; post-notice-map: Publish the bus stop and clinic window, with no home addresses.; negotiate-notice: Ask the dispatch desk to take sealed cards without a tenancy list.; carry-notice: Carry the sealed cards through the service stair yourself.",What does using the hour cost another person?,"Canonical choice effects, gates and destinations match baseline; saved flags and journal remain authoritative.",Retain current scene: not part of the repeated briefing/return or recorded-speaker changes in this pass.,62,62,1,True,portrait,/art/lumen.jpg,"Use Lumen’s established portrait for clinic, care, source and dispatch conversations. Her presence identifies the recurring speaker; no art claims treatment, witness safety or completed repair."
act2_notice_recovery,The Week,"Clinic dispatch desk, Glass Chapel",Sister Lumen,retain,"courier-notice: Pay twenty creds for sealed appointment cards.; post-notice-map: Publish the bus stop and clinic window, with no home addresses.; leave-notice-recovery: Leave the unopened bundle with Lumen.",What does using the hour cost another person?,"Canonical choice effects, gates and destinations match baseline; saved flags and journal remain authoritative.",Retain current scene: not part of the repeated briefing/return or recorded-speaker changes in this pass.,53,53,1,True,portrait,/art/lumen.jpg,"Use Lumen’s established portrait for clinic, care, source and dispatch conversations. Her presence identifies the recurring speaker; no art claims treatment, witness safety or completed repair."
act2_notice_receipt,The Week,"Clinic dispatch desk, Glass Chapel",Sister Lumen,retain,record-private-notice: Record private dispatch acceptance; delivery remains unobserved.; record-public-notice: Record the public window and its monitoring risk.,What does using the hour cost another person?,"Canonical choice effects, gates and destinations match baseline; saved flags and journal remain authoritative.",Retain current scene: not part of the repeated briefing/return or recorded-speaker changes in this pass.,53,53,3,True,portrait,/art/lumen.jpg,"Use Lumen’s established portrait for clinic, care, source and dispatch conversations. Her presence identifies the recurring speaker; no art claims treatment, witness safety or completed repair."
act3_notice_visit,The Wall,"Clinic return desk, Ward Nine",Sister Lumen,retain,record-private-reply: Record two receipt acknowledgements; keep attendance unknown.; record-public-reply: Record monitoring and the callers’ request for another time.; repair-public-window: Ask Lumen how to respond to the request for another time.; record-unresolved-reply: Keep distribution and attendance unresolved.,"What can the runner honestly say, and whose boundaries still stand?","Canonical choice effects, gates and destinations match baseline; saved flags and journal remain authoritative.",Retain current scene: not part of the repeated briefing/return or recorded-speaker changes in this pass.,60,60,2,True,portrait,/art/lumen.jpg,"Use Lumen’s established portrait for clinic, care, source and dispatch conversations. Her presence identifies the recurring speaker; no art claims treatment, witness safety or completed repair."
act3_notice_repair,The Wall,"Clinic return desk, Ward Nine",Sister Lumen,retain,fund-private-replies: Pay ten creds for a private clinic reply channel.; withdraw-notice-window: Withdraw the public window; leave individual contact with staff.; leave-notice-response: Keep the calls recorded without arranging another channel.,"What can the runner honestly say, and whose boundaries still stand?","Canonical choice effects, gates and destinations match baseline; saved flags and journal remain authoritative.",Retain current scene: not part of the repeated briefing/return or recorded-speaker changes in this pass.,65,65,1,True,portrait,/art/lumen.jpg,"Use Lumen’s established portrait for clinic, care, source and dispatch conversations. Her presence identifies the recurring speaker; no art claims treatment, witness safety or completed repair."
act3_notice_result,The Wall,"Clinic return desk, Ward Nine",Sister Lumen,retain,leave-notice-result: Return to the neighborhood with the reply recorded.,"What can the runner honestly say, and whose boundaries still stand?","Canonical choice effects, gates and destinations match baseline; saved flags and journal remain authoritative.",Retain current scene: not part of the repeated briefing/return or recorded-speaker changes in this pass.,43,43,2,True,portrait,/art/lumen.jpg,"Use Lumen’s established portrait for clinic, care, source and dispatch conversations. Her presence identifies the recurring speaker; no art claims treatment, witness safety or completed repair."
act3_edda_terms,The Wall,Ward Nine records table,Edda,edit,authorize-shift-request: Let Edda sign a private request for a temporary paid assignment.; decline-shift-request: Respect her decision to leave payroll out of this visit.,"What can the runner honestly say, and whose boundaries still stand?","Canonical choice effects, gates and destinations match baseline; saved flags and journal remain authoritative.",State the new shift bargain in Edda’s voice; earlier pay and witness permission remain separate.,96,59,1,True,portrait,/art/edda.jpg,"Keep Edda identifiable during archive terms, payroll conversations and the service-exit reflection. Her portrait conveys no employment or key outcome; prose records the actual position."
act3_edda_methods,The Wall,Helion payroll relay,Edda,retain,submit-key-closure: Attach the key-closure receipt you earned for Edda.; reconcile-shift-ledger: Reconcile her current shift ledger with the payroll record.; negotiate-bench-shift: Negotiate a supervised bench assignment during the inquiry.; fund-worker-representative: Pay sixty creds for worker representation.; leave-shift-pending: Submit the signed request and leave its response pending.,"What can the runner honestly say, and whose boundaries still stand?","Canonical choice effects, gates and destinations match baseline; saved flags and journal remain authoritative.",Retain current scene: not part of the repeated briefing/return or recorded-speaker changes in this pass.,101,101,2,True,portrait,/art/edda.jpg,"Keep Edda identifiable during archive terms, payroll conversations and the service-exit reflection. Her portrait conveys no employment or key outcome; prose records the actual position."
act3_edda_reply,The Wall,Ward Nine records table,Edda,edit,record-shift-response: Record the actual reply and return to the neighborhood.,"What can the runner honestly say, and whose boundaries still stand?","Canonical choice effects, gates and destinations match baseline; saved flags and journal remain authoritative.",Shorten privacy recap without replacing the original evidence.,87,81,3,True,portrait,/art/edda.jpg,"Keep Edda identifiable during archive terms, payroll conversations and the service-exit reflection. Her portrait conveys no employment or key outcome; prose records the actual position."
act2_archive_brief,The Week,Helion service archive,Edda,edit,agree-archive-terms: Agree to compare sources and decide custody afterward.; defer-archive: Leave the search open for another day.,What does using the hour cost another person?,"Canonical choice effects, gates and destinations match baseline; saved flags and journal remain authoritative.",Shorten Edda’s practical source question; preserve employee risk and private custody.,78,59,1,True,portrait,/art/edda.jpg,"Keep Edda identifiable during archive terms, payroll conversations and the service-exit reflection. Her portrait conveys no employment or key outcome; prose records the actual position."
act2_archive_prep,The Week,Helion service archive,Edda,retain,index-archive: Compare the index against the receipt number.; watch-archive: Watch the carbon slot through a service interval.; brace-archive: Test and brace the inspection hatch.; skip-archive-prep: Use the records without a preparation bonus.,What does using the hour cost another person?,"Canonical choice effects, gates and destinations match baseline; saved flags and journal remain authoritative.",Retain current scene: not part of the repeated briefing/return or recorded-speaker changes in this pass.,35,35,1,True,portrait,/art/edda.jpg,"Keep Edda identifiable during archive terms, payroll conversations and the service-exit reflection. Her portrait conveys no employment or key outcome; prose records the actual position."
act2_archive_compare,The Week,Helion service archive,Edda,retain,separate-source-tests: Corroborate the cancellation; authenticate the issuer only with a key match.; catalog-is-proof: The catalog alone proves who issued the command.,What does using the hour cost another person?,"Canonical choice effects, gates and destinations match baseline; saved flags and journal remain authoritative.",Retain current scene: not part of the repeated briefing/return or recorded-speaker changes in this pass.,58,58,1,True,portrait,/art/edda.jpg,"Keep Edda identifiable during archive terms, payroll conversations and the service-exit reflection. Her portrait conveys no employment or key outcome; prose records the actual position."
act2_archive_challenge,The Week,Helion service archive,Edda,edit,revise-source-test: Keep the distinction and retrieve the actual record.,What does using the hour cost another person?,"Canonical choice effects, gates and destinations match baseline; saved flags and journal remain authoritative.",Ask the provenance question directly without turning a claim into a verified source.,49,34,1,True,portrait,/art/edda.jpg,"Keep Edda identifiable during archive terms, payroll conversations and the service-exit reflection. Her portrait conveys no employment or key outcome; prose records the actual position."
act2_archive_custody,The Week,Helion service archive,Edda,retain,withhold-technician: Keep the original with Sera; circulate a copy without Edda's name.; ask-named-source: Ask Edda to authorize a named copy and record the risk.,What does using the hour cost another person?,"Canonical choice effects, gates and destinations match baseline; saved flags and journal remain authoritative.",Retain current scene: not part of the repeated briefing/return or recorded-speaker changes in this pass.,60,60,1,True,portrait,/art/edda.jpg,"Keep Edda identifiable during archive terms, payroll conversations and the service-exit reflection. Her portrait conveys no employment or key outcome; prose records the actual position."
act3_edda_visit,The Wall,Ward Nine records table,Edda,retain,review-edda-shift: Ask whether Edda wants help requesting paid work during the review.; bridge-edda-shift: Contribute forty creds to the suspended shift.; respect-edda-source: Record her limits and leave the employment review unresolved.,"What can the runner honestly say, and whose boundaries still stand?","Canonical choice effects, gates and destinations match baseline; saved flags and journal remain authoritative.",Retain current scene: not part of the repeated briefing/return or recorded-speaker changes in this pass.,63,63,2,True,portrait,/art/edda.jpg,"Keep Edda identifiable during archive terms, payroll conversations and the service-exit reflection. Her portrait conveys no employment or key outcome; prose records the actual position."
act2_witness_brief,The Week,"Witness room, Glass Chapel",Nia Pell,retain,agree-terms: Agree. Move her first; she reviews any account.; leave-brief: Admit you cannot make that promise yet.,What does using the hour cost another person?,"Canonical choice effects, gates and destinations match baseline; saved flags and journal remain authoritative.",Retain current scene: not part of the repeated briefing/return or recorded-speaker changes in this pass.,71,71,1,True,portrait,/art/nia.jpg,"Reuse Nia’s distinct portrait for private terms, review and contact. Never depict or expose a current address, moved witness or permission not present in the state."
act2_witness_plan,The Week,Canal service map,Sister Lumen,retain,read-scanner: Inspect the scanner's transfer protocol.; scout-patrol: Walk the patrol's return route.; arrange-escort: Ask the clinic for a volunteer escort.; steady-chair: Brace the chair for the service ramp.; use-existing-plan: Use the resources already in your pocket.,What does using the hour cost another person?,"Canonical choice effects, gates and destinations match baseline; saved flags and journal remain authoritative.",Retain current scene: not part of the repeated briefing/return or recorded-speaker changes in this pass.,65,65,1,True,portrait,/art/lumen.jpg,"Use Lumen’s established portrait for clinic, care, source and dispatch conversations. Her presence identifies the recurring speaker; no art claims treatment, witness safety or completed repair."
act2_witness_arrival,The Week,"Witness room, Ward Nine",Nia Pell,retain,review-account: Let Nia review and approve her account.; defer-account: Give her time. Leave the recorder off.,What does using the hour cost another person?,"Canonical choice effects, gates and destinations match baseline; saved flags and journal remain authoritative.",Retain current scene: not part of the repeated briefing/return or recorded-speaker changes in this pass.,66,66,1,True,portrait,/art/nia.jpg,"Reuse Nia’s distinct portrait for private terms, review and contact. Never depict or expose a current address, moved witness or permission not present in the state."
act2_witness_repair,The Week,Glass Chapel,Sister Lumen,retain,fund-second-room: Pay for a second room and a private transfer.; clinic-second-room: Call in the clinic's standing for another transfer.; leave-repair: Leave the clinic to arrange what it can.,What does using the hour cost another person?,"Canonical choice effects, gates and destinations match baseline; saved flags and journal remain authoritative.",Retain current scene: not part of the repeated briefing/return or recorded-speaker changes in this pass.,63,63,1,False,portrait,/art/lumen.jpg,"Use Lumen’s established portrait for clinic, care, source and dispatch conversations. Her presence identifies the recurring speaker; no art claims treatment, witness safety or completed repair."
act2_public_response,The Week,"District board, Ward Four",Sera,retain,"correct-bench-model: Correct my bench verdict; retain the disputed original.; repeat-bench-model: Repeat my disputed verdict without resolving the challenge.; answer-with-source: Attach the corroborating source, with locations withheld.; correct-public-claim: Correct the allegation's certainty. Keep the question open.; repeat-public-claim: Repeat the accusation without another source.; hold-public-account: Keep the uncertainty visible while looking for a source.",What does using the hour cost another person?,"Canonical choice effects, gates and destinations match baseline; saved flags and journal remain authoritative.",Retain current scene: not part of the repeated briefing/return or recorded-speaker changes in this pass.,88,88,4,True,portrait,/art/sera.jpg,"Keep Sera identifiable through shelter choices, witness review and memorial first arrivals or shorter returns. Reuse fits the same speaker and place; the portrait depicts no household move, protected witness or successful statement."
act3_neighborhood,The Wall,Ward Nine,Sera,edit,visit-shelter-neighbors: Ask Sera how the shelter neighbors spent the night.; visit-spire-key: Ask Edda what payroll did with the old maintenance key.; visit-asa: Ask Asa what became of the clinic parcel.; visit-notice: Ask Lumen what happened to the clinic notice.; return-notice-response: Return to Lumen about the observed clinic window.; visit-pump: See what became of the coolant emergency.; visit-nia: Ask whether Nia wants a visitor.; visit-records: Sit at the records table.; return-edda-payroll: Return to Edda about a private payroll request.; visit-edda: Answer Edda’s message about the archive.; go-wall: Go directly to the names.,"What can the runner honestly say, and whose boundaries still stand?","Canonical choice effects, gates and destinations match baseline; saved flags and journal remain authoritative.",Use visited flags for a short return; preserve the archive-only promise and unsettled inquiry.,69,48,3,True,portrait,/art/sera.jpg,"Keep Sera identifiable through shelter choices, witness review and memorial first arrivals or shorter returns. Reuse fits the same speaker and place; the portrait depicts no household move, protected witness or successful statement."
act3_witness_visit,The Wall,"Witness room, Ward Nine",Nia Pell,retain,ask-nia-contact: Ask how Nia wants future contact handled.; acknowledge-nia: Remember the person and the limits she set.,"What can the runner honestly say, and whose boundaries still stand?","Canonical choice effects, gates and destinations match baseline; saved flags and journal remain authoritative.",Retain current scene: not part of the repeated briefing/return or recorded-speaker changes in this pass.,67,67,1,True,portrait,/art/nia.jpg,"Reuse Nia’s distinct portrait for private terms, review and contact. Never depict or expose a current address, moved witness or permission not present in the state."
act3_nia_contact,The Wall,"Clinic relay, Ward Nine",Nia Pell,retain,accept-clinic-relay: Accept a clinic relay; Nia decides whether to answer.; give-nia-space: Offer no further questions. Let her pause contact.,"What can the runner honestly say, and whose boundaries still stand?","Canonical choice effects, gates and destinations match baseline; saved flags and journal remain authoritative.",Retain current scene: not part of the repeated briefing/return or recorded-speaker changes in this pass.,73,73,1,True,portrait,/art/nia.jpg,"Reuse Nia’s distinct portrait for private terms, review and contact. Never depict or expose a current address, moved witness or permission not present in the state."
act3_records_visit,The Wall,Ward Nine records table,Sera,retain,keep-limits: Leave the source and its limits available for inspection.,"What can the runner honestly say, and whose boundaries still stand?","Canonical choice effects, gates and destinations match baseline; saved flags and journal remain authoritative.",Retain current scene: not part of the repeated briefing/return or recorded-speaker changes in this pass.,98,98,5,True,portrait,/art/sera.jpg,"Keep Sera identifiable through shelter choices, witness review and memorial first arrivals or shorter returns. Reuse fits the same speaker and place; the portrait depicts no household move, protected witness or successful statement."
act2_kerr_collection_terms,The Week,Ward Four stall,Kerr,edit,ask-quill-introduction: Ask Quill for a depot introduction.; promise-private-collection: Promise a collection without a recipient register.; agree-registered-collection: Ask Kerr to accept a registered collection. He agrees.; decline-kerr-collection: Decline. Do not make a promise you cannot keep.,What does using the hour cost another person?,"Canonical choice effects, gates and destinations match baseline; saved flags and journal remain authoritative.","Keep trace, fare and recipient terms; shorten the final historical-packet reminder.",104,100,1,True,portrait,/art/kerr.jpg,"Existing Kerr portrait accompanies personal terms, observed receipt and later replies; no fitting, treatment, forgiveness or new favor is illustrated."
act2_quill_introduction,The Week,Ward Four stall,Quill,retain,repay-quill-late: Pay the postponed forty-creds tab now.; take-quill-introduction: Take the introduction on its actual terms.; take-repaid-introduction: Take the introduction after repayment.; leave-quill-introduction: Use the map without his recommendation.,What does using the hour cost another person?,"Canonical choice effects, gates and destinations match baseline; saved flags and journal remain authoritative.",Retain current scene: not part of the repeated briefing/return or recorded-speaker changes in this pass.,61,61,3,True,portrait,/art/quill.jpg,Existing Quill portrait accompanies the depot recommendation and late repayment conversation; the original refusal remains recorded.
act2_route_map,The Week,Canal dispatch alcove,,retain,route-entry-stairs: Plan public stairs.; route-entry-lift: Plan coin lift.; route-entry-gate: Plan courier gate.; pause-kerr-plan: Pause planning. Keep the collection promise open.,What does using the hour cost another person?,"Canonical choice effects, gates and destinations match baseline; saved flags and journal remain authoritative.",Retain current scene: not part of the repeated briefing/return or recorded-speaker changes in this pass.,59,59,1,True,illustration,/art/canal-dispatch.jpg,"Neutral planning alcove before collection; unselected map and closed case communicate the setting across drafts, success and held-case recovery without depicting an earned outcome."
act2_route_exit,The Week,Canal dispatch alcove,,retain,route-exit-ramp: Plan the sensor ramp.; route-exit-gap: Plan the patrol gap.; route-exit-walk: Plan the maintenance stairs.; replan-kerr-entry: Choose the entry again.; pause-kerr-exit: Pause with this entry saved.,What does using the hour cost another person?,"Canonical choice effects, gates and destinations match baseline; saved flags and journal remain authoritative.",Retain current scene: not part of the repeated briefing/return or recorded-speaker changes in this pass.,77,77,1,True,illustration,/art/canal-dispatch.jpg,"Neutral planning alcove before collection; unselected map and closed case communicate the setting across drafts, success and held-case recovery without depicting an earned outcome."
act2_route_review,The Week,Canal dispatch alcove,,retain,depart-kerr-lift: Pay ten creds and depart on the planned lift route.; depart-kerr-foot: Depart on the planned entry without a fare.; reset-kerr-route: Clear the draft and rebuild the route.; pause-kerr-route: Pause with both crossings saved.,What does using the hour cost another person?,"Canonical choice effects, gates and destinations match baseline; saved flags and journal remain authoritative.",Retain current scene: not part of the repeated briefing/return or recorded-speaker changes in this pass.,56,56,6,True,illustration,/art/canal-dispatch.jpg,"Neutral planning alcove before collection; unselected map and closed case communicate the setting across drafts, success and held-case recovery without depicting an earned outcome."
act2_route_crossing,The Week,Canal dispatch alcove,,retain,route-use-sensor: Keep the ramp’s recipient field empty.; route-use-gap: Wait for the patrol gap and collect the case.; route-use-stairs: Carry the case through the maintenance stairs.; route-negotiate: Negotiate an anonymous release at the counter.,What does using the hour cost another person?,"Canonical choice effects, gates and destinations match baseline; saved flags and journal remain authoritative.",Retain current scene: not part of the repeated briefing/return or recorded-speaker changes in this pass.,66,66,2,True,illustration,/art/canal-dispatch.jpg,"Neutral planning alcove before collection; unselected map and closed case communicate the setting across drafts, success and held-case recovery without depicting an earned outcome."
act2_route_recovery,The Week,Canal dispatch alcove,,retain,fund-kerr-courier: Pay twenty creds for a registered courier.; leave-kerr-case-held: Leave the case held. Record collection as unresolved.,What does using the hour cost another person?,"Canonical choice effects, gates and destinations match baseline; saved flags and journal remain authoritative.",Retain current scene: not part of the repeated briefing/return or recorded-speaker changes in this pass.,74,74,1,True,illustration,/art/canal-dispatch.jpg,"Neutral planning alcove before collection; unselected map and closed case communicate the setting across drafts, success and held-case recovery without depicting an earned outcome."
act2_route_receipt,The Week,Ward Four stall,Kerr,edit,record-kerr-receipt: Record the observed handover and its actual terms.,What does using the hour cost another person?,"Canonical choice effects, gates and destinations match baseline; saved flags and journal remain authoritative.",Keep the observed sealed handover; delivery remains distinct from fitting or treatment.,69,59,3,True,portrait,/art/kerr.jpg,"Existing Kerr portrait accompanies personal terms, observed receipt and later replies; no fitting, treatment, forgiveness or new favor is illustrated."
act3_kerr_collection,The Wall,Ward Nine stall,Kerr,edit,answer-kerr-breach: Answer the broken private terms directly.; acknowledge-kerr-collection: Keep the receipt and the limits in his own words.; acknowledge-private-collection: Keep the receipt and the limits in his own words.,"What can the runner honestly say, and whose boundaries still stand?","Canonical choice effects, gates and destinations match baseline; saved flags and journal remain authoritative.","Answer actual completion, decline or unfinished work and trace terms; retain earlier betrayal.",81,50,4,True,portrait,/art/kerr.jpg,"Existing Kerr portrait accompanies personal terms, observed receipt and later replies; no fitting, treatment, forgiveness or new favor is illustrated."
act3_kerr_collection_response,The Wall,Ward Nine stall,Kerr,retain,acknowledge-kerr-disclosure: Acknowledge the broken terms. Keep the docket attached.; deny-kerr-disclosure: Insist the register does not break my promise.,"What can the runner honestly say, and whose boundaries still stand?","Canonical choice effects, gates and destinations match baseline; saved flags and journal remain authoritative.",Retain current scene: not part of the repeated briefing/return or recorded-speaker changes in this pass.,62,62,1,True,portrait,/art/kerr.jpg,"Existing Kerr portrait accompanies personal terms, observed receipt and later replies; no fitting, treatment, forgiveness or new favor is illustrated."
act3_kerr_personal_question,The Wall,Ward Nine stall,Kerr,edit,keep-kerr-personal-answer: Keep the small answer without turning it into a favor.,"What can the runner honestly say, and whose boundaries still stand?","Canonical choice effects, gates and destinations match baseline; saved flags and journal remain authoritative.",Shorten the closing qualification; hope remains distinct from medical outcome.,84,80,2,True,portrait,/art/kerr.jpg,"Existing Kerr portrait accompanies personal terms, observed receipt and later replies; no fitting, treatment, forgiveness or new favor is illustrated."
act3_quill_introduction,The Wall,Ward Four stall,Quill,retain,close-quill-introduction: Keep his recommendation separate from the outcome.,"What can the runner honestly say, and whose boundaries still stand?","Canonical choice effects, gates and destinations match baseline; saved flags and journal remain authoritative.",Retain current scene: not part of the repeated briefing/return or recorded-speaker changes in this pass.,60,60,2,True,portrait,/art/quill.jpg,Existing Quill portrait accompanies the depot recommendation and late repayment conversation; the original refusal remains recorded.
act2_response_invitation,The Week,"Clinic side room, Ward Four",Mara,retain,listen-response-terms: Sit down. Hear what each of them will agree to.; decline-response-request: Decline to carry a statement.,What does using the hour cost another person?,"Canonical choice effects, gates and destinations match baseline; saved flags and journal remain authoritative.",Retain current scene: not part of the repeated briefing/return or recorded-speaker changes in this pass.,68,68,1,True,illustration,/art/clinic-conversation.jpg,"A neutral voluntary clinic table establishes current conversation and later receipt without depicting endorsement, public consent, medical improvement or an inquiry decision."
act2_response_agenda,The Week,"Clinic side room, Ward Four",Mara,retain,propose-private-response: Mara’s own name. The private records desk. No clinic endorsement.; propose-public-response: Ask Mara to put the statement on the public board instead.; propose-clinic-endorsement: Ask Lumen to attach the clinic’s name as sponsor.; leave-response-agenda: Leave the proposal unanswered.,What does using the hour cost another person?,"Canonical choice effects, gates and destinations match baseline; saved flags and journal remain authoritative.",Retain current scene: not part of the repeated briefing/return or recorded-speaker changes in this pass.,46,46,1,True,illustration,/art/clinic-conversation.jpg,"A neutral voluntary clinic table establishes current conversation and later receipt without depicting endorsement, public consent, medical improvement or an inquiry decision."
act2_response_refusal,The Week,"Clinic side room, Ward Four",Mara,retain,"revise-private-response: Revise to Mara’s named private reply, without a clinic sponsor.; withdraw-response-proposal: Withdraw. Leave the statement with Mara.",What does using the hour cost another person?,"Canonical choice effects, gates and destinations match baseline; saved flags and journal remain authoritative.",Retain current scene: not part of the repeated briefing/return or recorded-speaker changes in this pass.,50,50,2,True,portrait,/art/mara.jpg,"Existing Mara portrait accompanies her present-day choices, refusal, personal hope and unfinished inquiry; it does not depict an acquired treatment result or absolution."
act2_response_terms,The Week,"Clinic side room, Ward Four",Mara,retain,ask-mara-tomorrow: Ask Mara what she wants tomorrow to look like.; ask-lumen-staying: Ask Lumen why she keeps coming back to this clinic.; arrange-response-dispatch: Let the quiet stand. Arrange the sealed reply.,What does using the hour cost another person?,"Canonical choice effects, gates and destinations match baseline; saved flags and journal remain authoritative.",Retain current scene: not part of the repeated briefing/return or recorded-speaker changes in this pass.,57,57,1,True,portrait,/art/mara.jpg,"Existing Mara portrait accompanies her present-day choices, refusal, personal hope and unfinished inquiry; it does not depict an acquired treatment result or absolution."
act2_mara_quiet,The Week,"Clinic side room, Ward Four",Mara,retain,keep-mara-quiet-answer: Keep her hope beside the responsibility she still bears.,What does using the hour cost another person?,"Canonical choice effects, gates and destinations match baseline; saved flags and journal remain authoritative.",Retain current scene: not part of the repeated briefing/return or recorded-speaker changes in this pass.,65,65,1,True,portrait,/art/mara.jpg,"Existing Mara portrait accompanies her present-day choices, refusal, personal hope and unfinished inquiry; it does not depict an acquired treatment result or absolution."
act2_lumen_quiet,The Week,"Clinic side room, Ward Four",Sister Lumen,retain,keep-lumen-quiet-answer: Let care and endorsement remain separate.,What does using the hour cost another person?,"Canonical choice effects, gates and destinations match baseline; saved flags and journal remain authoritative.",Retain current scene: not part of the repeated briefing/return or recorded-speaker changes in this pass.,59,59,1,True,portrait,/art/lumen.jpg,"Existing Lumen portrait accompanies ordinary care and her independently chosen contact limits, without implying clinic endorsement or public permission."
act2_response_dispatch,The Week,"Clinic side room, Ward Four",Mara,retain,walk-private-response: Walk the sealed reply to the private intake slot.; courier-private-response: Pay fifteen creds for private courier dispatch.; defer-private-response: Leave the envelope sealed here. Keep dispatch open.,What does using the hour cost another person?,"Canonical choice effects, gates and destinations match baseline; saved flags and journal remain authoritative.",Retain current scene: not part of the repeated briefing/return or recorded-speaker changes in this pass.,55,55,1,True,portrait,/art/mara.jpg,"Existing Mara portrait accompanies her present-day choices, refusal, personal hope and unfinished inquiry; it does not depict an acquired treatment result or absolution."
act2_response_receipt,The Week,"Clinic side room, Ward Four",Mara,retain,record-response-dispatch: Keep the dispatch stub. Leave the desk’s answer open.,What does using the hour cost another person?,"Canonical choice effects, gates and destinations match baseline; saved flags and journal remain authoritative.",Retain current scene: not part of the repeated briefing/return or recorded-speaker changes in this pass.,44,44,2,True,portrait,/art/mara.jpg,"Existing Mara portrait accompanies her present-day choices, refusal, personal hope and unfinished inquiry; it does not depict an acquired treatment result or absolution."
act3_response_visit,The Wall,"Clinic side room, Ward Four",Mara,retain,"read-response-intake: Read the intake slip. Record receipt, with no inquiry decision.; keep-response-unfinished: Keep the reply unfinished in the record.","What can the runner honestly say, and whose boundaries still stand?","Canonical choice effects, gates and destinations match baseline; saved flags and journal remain authoritative.",Retain current scene: not part of the repeated briefing/return or recorded-speaker changes in this pass.,42,42,3,True,illustration,/art/clinic-conversation.jpg,"A neutral voluntary clinic table establishes current conversation and later receipt without depicting endorsement, public consent, medical improvement or an inquiry decision."
act3_mara_followup,The Wall,"Clinic side room, Ward Four",Mara,retain,finish-mara-response: Leave her answer and its limits in her own name.,"What can the runner honestly say, and whose boundaries still stand?","Canonical choice effects, gates and destinations match baseline; saved flags and journal remain authoritative.",Retain current scene: not part of the repeated briefing/return or recorded-speaker changes in this pass.,61,61,5,True,portrait,/art/mara.jpg,"Existing Mara portrait accompanies her present-day choices, refusal, personal hope and unfinished inquiry; it does not depict an acquired treatment result or absolution."
act3_lumen_boundary,The Wall,"Clinic side room, Ward Four",Sister Lumen,retain,respect-lumen-boundary: Keep the contact limit without adding her name to the statement.,"What can the runner honestly say, and whose boundaries still stand?","Canonical choice effects, gates and destinations match baseline; saved flags and journal remain authoritative.",Retain current scene: not part of the repeated briefing/return or recorded-speaker changes in this pass.,54,54,2,True,portrait,/art/lumen.jpg,"Existing Lumen portrait accompanies ordinary care and her independently chosen contact limits, without implying clinic endorsement or public permission."
